,release_date
0,2022
1,2022
2,2022
3,2022
4,2022
5,2022
6,2022
7,2022
8,2022
9,2022
10,2022
11,2022
12,2022
13,2022
14,2022
15,2022
16,2022
17,2022
18,2022
19,2022
20,2022
21,2022
22,2022
23,2022
24,2022
25,2022
26,2022
27,2022
28,2022
29,2022
30,2022
31,2022
32,2021
33,2021
34,2021
35,2021
36,2021
37,2021
38,2021
39,2021
40,2021
41,2021
42,2021
43,2021
44,2021
45,2021
46,2021
47,2021
48,2021
49,2021
50,2021
51,2021
52,2021
53,2021
54,2021
55,2021
56,2021
57,2021
58,2021
59,2021
60,2021
61,2021
62,2021
63,2021
64,2021
65,2021
66,2021
67,2021
68,2021
69,2021
70,2021
71,2021
72,2021
73,2021
74,2021
75,2021
76,2021
77,2021
78,2021
79,2021
80,2021
81,2021
82,2021
83,2021
84,2021
85,2021
86,2021
87,2021
88,2021
89,2021
90,2021
91,2021
92,2021
93,2021
94,2021
95,2021
96,2021
97,2021
98,2021
99,2021
100,2020
101,2020
102,2020
103,2020
104,2020
105,2020
106,2020
107,2020
108,2020
109,2020
110,2020
111,2020
112,2020
113,2020
114,2020
115,2020
116,2020
117,2020
118,2020
119,2020
120,2020
121,2020
122,2020
123,2020
124,2020
125,2020
126,2020
127,2020
128,2020
129,2020
130,2020
131,2020
132,2020
133,2020
134,2020
135,2020
136,2020
137,2020
138,2020
139,2020
140,2020
141,2020
142,2020
143,2020
144,2020
145,2020
146,2020
147,2020
148,2020
149,2020
150,2020
151,2020
152,2020
153,2020
154,2020
155,2020
156,2020
157,2020
158,2020
159,2020
160,2020
161,2020
162,2019
163,2019
164,2019
165,2019
166,2019
167,2019
168,2019
169,2019
170,2019
171,2019
172,2019
173,2019
174,2019
175,2019
176,2019
177,2019
178,2019
179,2019
180,2019
181,2019
182,2019
183,2019
184,2019
185,2019
186,2019
187,2019
188,2019
189,2019
190,2019
191,2019
192,2019
193,2019
194,2019
195,2019
196,2018
197,2018
198,2018
199,2018
200,2018
201,2018
202,2018
203,2018
204,2018
205,2018
206,2018
207,2018
208,2018
209,2018
210,2018
211,2018
212,2018
213,2018
214,2018
215,2018
216,2018
217,2018
218,2018
219,2018
220,2018
221,2018
222,2018
223,2018
224,2018
225,2018
226,2018
227,2018
228,2018
229,2018
230,2018
231,2018
232,2018
233,2018
234,2018
235,2018
236,2018
237,2018
238,2018
239,2018
240,2018
241,2018
242,2018
243,2018
244,2018
245,2018
246,2018
247,2018
248,2018
249,2018
250,2018
251,2018
252,2018
253,2018
254,2018
255,2018
256,2018
257,2018
258,2018
259,2018
260,2018
261,2018
262,2018
263,2018
264,2018
265,2018
266,2018
267,2017
268,2017
269,2017
270,2017
271,2017
272,2017
273,2017
274,2017
275,2017
276,2017
277,2017
278,2017
279,2017
280,2017
281,2017
282,2017
283,2017
284,2017
285,2017
286,2017
287,2017
288,2017
289,2017
290,2017
291,2017
292,2017
293,2017
294,2017
295,2017
296,2017
297,2017
298,2017
299,2017
300,2017
301,2017
302,2017
303,2017
304,2017
305,2017
306,2017
307,2017
308,2017
309,2017
310,2017
311,2017
312,2017
313,2017
314,2017
315,2017
316,2017
317,2017
318,2017
319,2017
320,2017
321,2017
322,2017
323,2017
324,2017
325,2017
326,2017
327,2017
328,2017
329,2017
330,2017
331,2017
332,2017
333,2017
334,2017
335,2017
336,2017
337,2017
338,2017
339,2017
340,2017
341,2017
342,2017
343,2017
344,2017
345,2017
346,2017
347,2017
348,2017
349,2017
350,2017
351,2017
352,2017
353,2017
354,2017
355,2017
356,2017
357,2017
358,2017
359,2017
360,2017
361,2017
362,2017
363,2017
364,2017
365,2017
366,2017
367,2017
368,2017
369,2017
370,2017
371,2017
372,2017
373,2017
374,2017
375,2017
376,2016
377,2016
378,2016
379,2016
380,2016
381,2016
382,2016
383,2022
384,2022
385,2022
386,2022
387,2022
388,2022
389,2022
390,2022
391,2022
392,2022
393,2022
394,2022
395,2022
396,2022
397,2022
398,2022
399,2022
400,2022
401,2022
402,2022
403,2022
404,2022
405,2022
406,2021
407,2021
408,2021
409,2021
410,2021
411,2021
412,2021
413,2021
414,2021
415,2021
416,2021
417,2021
418,2021
419,2021
420,2021
421,2021
422,2021
423,2021
424,2021
425,2021
426,2021
427,2021
428,2021
429,2021
430,2021
431,2021
432,2021
433,2021
434,2021
435,2021
436,2021
437,2021
438,2021
439,2021
440,2021
441,2021
442,2021
443,2021
444,2021
