popularity,liveness,valence,tempo,duration_ms,release_date,release_dates,release_dates
[50,0.167,0.701,88.497,175200,2016/10/24,"2016/10/24","2016/10/24"],
[40,0.846,0.776,161.914,206187,2016/10/24,"2016/10/24","2016/10/24"],
[47,0.325,0.884,163.936,210627,2016/10/24,"2016/10/24","2016/10/24"],
[41,0.318,0.612,178.034,207507,2016/10/24,"2016/10/24","2016/10/24"],
[41,0.653,0.676,93.017,175947,2016/10/24,"2016/10/24","2016/10/24"],
[54,0.226,0.421,90.027,175307,2016/10/24,"2016/10/24","2016/10/24"],
[68,0.399,0.396,129.946,212987,"2016/10/24","2016/10/24","2016/10/24"],
[62,0.0587,0.473,129.971,195747,2017/2/20,"2017/2/20","2017/2/20"],
[50,0.113,0.235,123.936,232067,2017/2/20,"2017/2/20","2017/2/20"],
[47,0.434,0.35,129.929,212987,2017/2/20,"2017/2/20","2017/2/20"],
[36,0.166,0.735,89.02,175200,2017/2/20,"2017/2/20","2017/2/20"],
[30,0.79,0.815,161.841,206187,2017/2/20,"2017/2/20","2017/2/20"],
[34,0.324,0.849,163.939,210627,2017/2/20,"2017/2/20","2017/2/20"],
[31,0.291,0.582,178.05,207507,2017/2/20,"2017/2/20","2017/2/20"],
[31,0.623,0.662,93.019,175947,2017/2/20,"2017/2/20","2017/2/20"],
[37,0.199,0.45,89.948,175280,2017/2/20,"2017/2/20","2017/2/20"],
[51,0.0586,0.476,129.972,195753,2017/2/21,"2017/2/21","2017/2/21"],
[36,0.114,0.229,123.944,232067,2017/2/21,"2017/2/21","2017/2/21"],
[51,0.399,0.399,129.946,212991,2017/2/21,"2017/2/21","2017/2/21"],
[39,0.16,0.742,88.428,175200,2017/2/21,"2017/2/21","2017/2/21"],
[25,0.751,0.827,161.905,206187,2017/2/21,"2017/2/21","2017/2/21"],
[41,0.343,0.855,163.929,210627,2017/2/21,"2017/2/21","2017/2/21"],
[30,0.293,0.587,89.008,207507,2017/2/21,"2017/2/21","2017/2/21"],
[27,0.655,0.68,93.008,175947,2017/2/21,"2017/2/21","2017/2/21"],
[45,0.204,0.424,89.87,175256,2017/2/21,"2017/2/21","2017/2/21"],
[38,0.399,0.399,129.946,212991,2017/2/24,"2017/2/24","2017/2/24"],
[31,0.16,0.742,88.428,175200,2017/2/24,"2017/2/24","2017/2/24"],
[24,0.751,0.827,161.905,206187,2017/2/24,"2017/2/24","2017/2/24"],
[30,0.343,0.855,163.929,210627,2017/2/24,"2017/2/24","2017/2/24"],
[26,0.293,0.587,89.008,207507,2017/2/24,"2017/2/24","2017/2/24"],
[25,0.655,0.68,93.008,175947,2017/2/24,"2017/2/24","2017/2/24"],
[35,0.204,0.424,89.87,175256,2017/2/24,"2017/2/24","2017/2/24"],
[68,0.118,0.443,132.006,207813,2017/10/30,"2017/10/30","2017/10/30"],
[52,0.142,0.615,94.985,198040,2017/10/30,"2017/10/30","2017/10/30"],
[45,0.108,0.856,119.966,179707,2017/10/30,"2017/10/30","2017/10/30"],
[39,0.0532,0.928,160.124,180960,2017/10/30,"2017/10/30","2017/10/30"],
[41,0.299,0.916,127.967,225987,2017/10/30,"2017/10/30","2017/10/30"],
[39,0.24,0.811,150.015,212120,2017/10/30,"2017/10/30","2017/10/30"],
[44,0.404,0.531,123.064,215480,2017/10/30,"2017/10/30","2017/10/30"],
[48,0.0655,0.665,134.892,193147,2017/10/30,"2017/10/30","2017/10/30"],
[48,0.28,0.244,122.023,190893,2017/10/30,"2017/10/30","2017/10/30"],
[45,0.108,0.518,94.998,196800,2017/10/30,"2017/10/30","2017/10/30"],
[39,0.132,0.452,102.992,178347,2017/10/30,"2017/10/30","2017/10/30"],
[44,0.109,0.392,102.997,208867,2017/10/30,"2017/10/30","2017/10/30"],
[47,0.0887,0.356,133.945,262960,2017/10/30,"2017/10/30","2017/10/30"],
[28,0.129,0.437,132.013,207824,2017/10/30,"2017/10/30","2017/10/30"],
[17,0.135,0.596,95.015,198034,2017/10/30,"2017/10/30","2017/10/30"],
[8,0.113,0.855,119.96,179711,2017/10/30,"2017/10/30","2017/10/30"],
[6,0.0534,0.921,160.032,180962,2017/10/30,"2017/10/30","2017/10/30"],
[6,0.295,0.906,127.98,225984,2017/10/30,"2017/10/30","2017/10/30"],
[5,0.126,0.823,150.011,212117,2017/10/30,"2017/10/30","2017/10/30"],
[7,0.385,0.536,123.049,215485,2017/10/30,"2017/10/30","2017/10/30"],
[9,0.0638,0.631,134.91,193144,2017/10/30,"2017/10/30","2017/10/30"],
[7,0.279,0.245,122.008,190898,2017/10/30,"2017/10/30","2017/10/30"],
[6,0.108,0.504,95.001,196796,2017/10/30,"2017/10/30","2017/10/30"],
[5,0.121,0.422,102.994,178344,2017/10/30,"2017/10/30","2017/10/30"],
[8,0.109,0.406,103.001,208868,2017/10/30,"2017/10/30","2017/10/30"],
[7,0.0969,0.376,133.949,262922,2017/10/30,"2017/10/30","2017/10/30"],
[52,0.136,0.394,131.96,207824,2017/11/1,"2017/11/1","2017/11/1"],
[41,0.15,0.609,95.139,198034,2017/11/1,"2017/11/1","2017/11/1"],
[32,0.112,0.833,119.995,179711,2017/11/1,"2017/11/1","2017/11/1"],
[25,0.0537,0.909,160.092,180962,2017/11/1,"2017/11/1","2017/11/1"],
[27,0.282,0.895,127.984,225984,2017/11/1,"2017/11/1","2017/11/1"],
[25,0.233,0.824,149.998,212117,2017/11/1,"2017/11/1","2017/11/1"],
[29,0.401,0.558,123.072,215485,2017/11/1,"2017/11/1","2017/11/1"],
[36,0.0675,0.662,134.898,193144,2017/11/1,"2017/11/1","2017/11/1"],
[29,0.273,0.272,122.014,190898,2017/11/1,"2017/11/1","2017/11/1"],
[31,0.11,0.542,95.019,196796,2017/11/1,"2017/11/1","2017/11/1"],
[25,0.124,0.414,102.982,178344,2017/11/1,"2017/11/1","2017/11/1"],
[34,0.109,0.382,102.988,208868,2017/11/1,"2017/11/1","2017/11/1"],
[30,0.0911,0.359,133.979,262922,2017/11/1,"2017/11/1","2017/11/1"],
[54,0.216,0.865,164.077,186896,2017/12/11,"2017/12/11","2017/12/11"],
[55,0.0822,0.658,154.026,192571,2017/12/11,"2017/12/11","2017/12/11"],
[31,0.136,0.394,131.96,207824,2017/12/11,"2017/12/11","2017/12/11"],
[28,0.15,0.609,95.139,198034,2017/12/11,"2017/12/11","2017/12/11"],
[26,0.112,0.833,119.995,179711,2017/12/11,"2017/12/11","2017/12/11"],
[21,0.0537,0.909,160.092,180962,2017/12/11,"2017/12/11","2017/12/11"],
[22,0.282,0.895,127.984,225984,2017/12/11,"2017/12/11","2017/12/11"],
[21,0.233,0.824,149.998,212117,2017/12/11,"2017/12/11","2017/12/11"],
[23,0.401,0.558,123.072,215485,2017/12/11,"2017/12/11","2017/12/11"],
[24,0.0675,0.662,134.898,193144,2017/12/11,"2017/12/11","2017/12/11"],
[22,0.273,0.272,122.014,190898,2017/12/11,"2017/12/11","2017/12/11"],
[21,0.11,0.542,95.019,196796,2017/12/11,"2017/12/11","2017/12/11"],
[21,0.124,0.414,102.982,178344,2017/12/11,"2017/12/11","2017/12/11"],
[25,0.109,0.382,102.988,208868,2017/12/11,"2017/12/11","2017/12/11"],
[23,0.0911,0.359,133.979,262922,2017/12/11,"2017/12/11","2017/12/11"],
[65,0.154,0.857,164.062,186893,2017/12/11,"2017/12/11","2017/12/11"],
[57,0.0817,0.666,154.077,192573,2017/12/11,"2017/12/11","2017/12/11"],
[44,0.117,0.428,131.988,207813,2017/12/11,"2017/12/11","2017/12/11"],
[38,0.16,0.623,95.079,198040,2017/12/11,"2017/12/11","2017/12/11"],
[36,0.112,0.849,119.976,179707,2017/12/11,"2017/12/11","2017/12/11"],
[32,0.0547,0.922,160.118,180960,2017/12/11,"2017/12/11","2017/12/11"],
[32,0.296,0.928,127.976,225987,2017/12/11,"2017/12/11","2017/12/11"],
[32,0.224,0.801,149.995,212120,2017/12/11,"2017/12/11","2017/12/11"],
[33,0.387,0.548,123.067,215480,2017/12/11,"2017/12/11","2017/12/11"],
[34,0.0687,0.635,134.888,193147,2017/12/11,"2017/12/11","2017/12/11"],
[35,0.279,0.263,122.022,190893,2017/12/11,"2017/12/11","2017/12/11"],
[33,0.105,0.495,95.004,196800,2017/12/11,"2017/12/11","2017/12/11"],
[30,0.155,0.465,102.985,178347,2017/12/11,"2017/12/11","2017/12/11"],
[33,0.109,0.421,103,208867,2017/12/11,"2017/12/11","2017/12/11"],
[37,0.0961,0.361,133.93,262960,2017/12/11,"2017/12/11","2017/12/11"],
[31,0.177,0.841,164.08,186896,2017/12/11,"2017/12/11","2017/12/11"],
[35,0.0822,0.658,154.026,192571,2017/12/11,"2017/12/11","2017/12/11"],
[11,0.129,0.437,132.013,207824,2017/12/11,"2017/12/11","2017/12/11"],
[9,0.135,0.596,95.015,198034,2017/12/11,"2017/12/11","2017/12/11"],
[5,0.113,0.855,119.96,179711,2017/12/11,"2017/12/11","2017/12/11"],
[5,0.0534,0.921,160.032,180962,2017/12/11,"2017/12/11","2017/12/11"],
[4,0.295,0.906,127.98,225984,2017/12/11,"2017/12/11","2017/12/11"],
[3,0.126,0.823,150.011,212117,2017/12/11,"2017/12/11","2017/12/11"],
[4,0.385,0.536,123.049,215485,2017/12/11,"2017/12/11","2017/12/11"],
[4,0.0638,0.631,134.91,193144,2017/12/11,"2017/12/11","2017/12/11"],
[4,0.279,0.245,122.008,190898,2017/12/11,"2017/12/11","2017/12/11"],
[3,0.108,0.504,95.001,196796,2017/12/11,"2017/12/11","2017/12/11"],
[3,0.121,0.422,102.994,178344,2017/12/11,"2017/12/11","2017/12/11"],
[3,0.109,0.406,103.001,208868,2017/12/11,"2017/12/11","2017/12/11"],
[3,0.0969,0.376,133.949,262922,2017/12/11,"2017/12/11","2017/12/11"],
[56,0.112,0.78,118.004,180809,2018/7/9,"2018/7/9","2018/7/9"],
[36,0.0694,0.788,108.966,186285,2018/7/9,"2018/7/9","2018/7/9"],
[29,0.524,0.245,142.981,205064,2018/7/9,"2018/7/9","2018/7/9"],
[59,0.266,0.602,169.982,208238,2018/7/9,"2018/7/9","2018/7/9"],
[35,0.133,0.826,160.018,207743,2018/7/9,"2018/7/9","2018/7/9"],
[31,0.018,0.977,160.004,189076,2018/7/9,"2018/7/9","2018/7/9"],
[26,0.109,0.526,116.789,196423,2018/7/9,"2018/7/9","2018/7/9"],
[31,0.226,0.399,160.014,182946,2018/7/9,"2018/7/9","2018/7/9"],
[34,0.181,0.626,157.962,215337,2018/7/9,"2018/7/9","2018/7/9"],
[69,0.113,0.779,118.089,180800,2018/7/9,"2018/7/9","2018/7/9"],
[49,0.0575,0.741,108.977,186293,2018/7/9,"2018/7/9","2018/7/9"],
[45,0.594,0.263,142.965,205053,2018/7/9,"2018/7/9","2018/7/9"],
[76,0.264,0.569,169.966,208240,2018/7/9,"2018/7/9","2018/7/9"],
[45,0.153,0.798,159.995,207747,2018/7/9,"2018/7/9","2018/7/9"],
[45,0.0242,0.974,160.009,189080,2018/7/9,"2018/7/9","2018/7/9"],
[42,0.0895,0.509,116.782,196413,2018/7/9,"2018/7/9","2018/7/9"],
[46,0.226,0.366,80.009,182947,2018/7/9,"2018/7/9","2018/7/9"],
[47,0.142,0.573,157.899,215400,2018/7/9,"2018/7/9","2018/7/9"],
[59,0.108,0.668,137.93,197800,2018/9/12,"2018/9/12","2018/9/12"],
[49,0.319,0.671,129.955,183001,2018/9/12,"2018/9/12","2018/9/12"],
[55,0.141,0.84,174.059,202010,2018/9/12,"2018/9/12","2018/9/12"],
[43,0.109,0.871,125.005,203040,2018/9/12,"2018/9/12","2018/9/12"],
[47,0.0541,0.433,205.786,272493,2018/9/12,"2018/9/12","2018/9/12"],
[41,0.0673,0.579,129.985,203587,2018/9/12,"2018/9/12","2018/9/12"],
[49,0.318,0.795,125.979,211800,2018/9/12,"2018/9/12","2018/9/12"],
[42,0.145,0.75,157.041,213956,2018/9/12,"2018/9/12","2018/9/12"],
[50,0.0975,0.358,142.003,231120,2018/9/12,"2018/9/12","2018/9/12"],
[52,0.0808,0.787,106.093,203816,2018/9/12,"2018/9/12","2018/9/12"],
[57,0.166,0.735,137.982,237685,2018/11/5,"2018/11/5","2018/11/5"],
[38,0.0677,0.925,135.004,212871,2018/11/5,"2018/11/5","2018/11/5"],
[33,0.229,0.836,157.012,186287,2018/11/5,"2018/11/5","2018/11/5"],
[28,0.435,0.299,102.398,181199,2018/11/5,"2018/11/5","2018/11/5"],
[29,0.559,0.794,170.109,222554,2018/11/5,"2018/11/5","2018/11/5"],
[33,0.122,0.372,97.049,203860,2018/11/5,"2018/11/5","2018/11/5"],
[30,0.11,0.659,137.946,196314,2018/11/5,"2018/11/5","2018/11/5"],
[69,0.166,0.735,137.981,237680,2018/11/5,"2018/11/5","2018/11/5"],
[48,0.0685,0.913,134.995,212867,2018/11/5,"2018/11/5","2018/11/5"],
[44,0.196,0.834,156.954,186293,2018/11/5,"2018/11/5","2018/11/5"],
[41,0.31,0.305,104.909,181200,2018/11/5,"2018/11/5","2018/11/5"],
[45,0.573,0.765,170.091,222547,2018/11/5,"2018/11/5","2018/11/5"],
[45,0.123,0.462,193.551,203867,2018/11/5,"2018/11/5","2018/11/5"],
[36,0.105,0.701,137.943,196320,2018/11/5,"2018/11/5","2018/11/5"],
[41,0.156,0.468,104.977,210451,2018/12/12,"2018/12/12","2018/12/12"],
[30,0.0901,0.353,142.045,227732,2018/12/12,"2018/12/12","2018/12/12"],
[32,0.166,0.735,137.982,237685,2018/12/12,"2018/12/12","2018/12/12"],
[20,0.0677,0.925,135.004,212871,2018/12/12,"2018/12/12","2018/12/12"],
[19,0.229,0.836,157.012,186287,2018/12/12,"2018/12/12","2018/12/12"],
[17,0.435,0.299,102.398,181199,2018/12/12,"2018/12/12","2018/12/12"],
[17,0.559,0.794,170.109,222554,2018/12/12,"2018/12/12","2018/12/12"],
[21,0.122,0.372,97.049,203860,2018/12/12,"2018/12/12","2018/12/12"],
[21,0.11,0.659,137.946,196314,2018/12/12,"2018/12/12","2018/12/12"],
[53,0.156,0.468,104.976,210440,2018/12/12,"2018/12/12","2018/12/12"],
[44,0.103,0.373,142,227733,2018/12/12,"2018/12/12","2018/12/12"],
[45,0.162,0.747,137.985,237693,2018/12/12,"2018/12/12","2018/12/12"],
[33,0.0727,0.929,135.006,212867,2018/12/12,"2018/12/12","2018/12/12"],
[32,0.177,0.807,156.976,186293,2018/12/12,"2018/12/12","2018/12/12"],
[30,0.32,0.31,104.895,181187,2018/12/12,"2018/12/12","2018/12/12"],
[33,0.56,0.783,170.046,222560,2018/12/12,"2018/12/12","2018/12/12"],
[34,0.121,0.413,193.199,203867,2018/12/12,"2018/12/12","2018/12/12"],
[35,0.11,0.656,137.956,196320,2018/12/12,"2018/12/12","2018/12/12"],
[47,0.237,0.562,123.043,237490,2018/12/26,"2018/12/26","2018/12/26"],
[41,0.108,0.668,137.93,197800,2018/12/26,"2018/12/26","2018/12/26"],
[35,0.319,0.671,129.955,183001,2018/12/26,"2018/12/26","2018/12/26"],
[38,0.141,0.84,174.059,202010,2018/12/26,"2018/12/26","2018/12/26"],
[35,0.109,0.871,125.005,203040,2018/12/26,"2018/12/26","2018/12/26"],
[37,0.0541,0.433,205.786,272493,2018/12/26,"2018/12/26","2018/12/26"],
[34,0.0673,0.579,129.985,203587,2018/12/26,"2018/12/26","2018/12/26"],
[34,0.318,0.795,125.979,211800,2018/12/26,"2018/12/26","2018/12/26"],
[33,0.145,0.75,157.041,213956,2018/12/26,"2018/12/26","2018/12/26"],
[38,0.0975,0.358,142.003,231120,2018/12/26,"2018/12/26","2018/12/26"],
[35,0.0808,0.787,106.093,203816,2018/12/26,"2018/12/26","2018/12/26"],
[60,0.107,0.644,128.983,206868,2019/9/23,"2019/9/23","2019/9/23"],
[38,0.14,0.716,133.987,177086,2019/9/23,"2019/9/23","2019/9/23"],
[40,0.338,0.851,119.999,186970,2019/9/23,"2019/9/23","2019/9/23"],
[37,0.14,0.619,128.038,193996,2019/9/23,"2019/9/23","2019/9/23"],
[47,0.0575,0.623,114.961,191228,2019/9/23,"2019/9/23","2019/9/23"],
[33,0.376,0.588,89.986,228917,2019/9/23,"2019/9/23","2019/9/23"],
[31,0.0926,0.68,112.006,217651,2019/9/23,"2019/9/23","2019/9/23"],
[72,0.107,0.644,128.981,206867,2019/9/23,"2019/9/23","2019/9/23"],
[49,0.144,0.761,133.994,177080,2019/9/23,"2019/9/23","2019/9/23"],
[53,0.338,0.847,120.004,186973,2019/9/23,"2019/9/23","2019/9/23"],
[50,0.135,0.659,127.983,194000,2019/9/23,"2019/9/23","2019/9/23"],
[58,0.0576,0.577,114.965,191227,2019/9/23,"2019/9/23","2019/9/23"],
[50,0.429,0.616,179.986,228907,2019/9/23,"2019/9/23","2019/9/23"],
[44,0.12,0.676,112.019,217693,2019/9/23,"2019/9/23","2019/9/23"],
[43,0.288,0.765,125.938,219625,2019/11/20,"2019/11/20","2019/11/20"],
[28,0.315,0.962,127.041,194973,2019/11/20,"2019/11/20","2019/11/20"],
[31,0.0975,0.616,112.006,217651,2019/11/20,"2019/11/20","2019/11/20"],
[30,0.0932,0.81,120.04,222093,2019/11/20,"2019/11/20","2019/11/20"],
[32,0.396,0.755,179.995,206974,2019/11/20,"2019/11/20","2019/11/20"],
[27,0.302,0.695,119.972,201600,2019/11/20,"2019/11/20","2019/11/20"],
[27,0.0413,0.634,115.017,188840,2019/11/20,"2019/11/20","2019/11/20"],
[33,0.0397,0.888,204.112,181693,2019/11/20,"2019/11/20","2019/11/20"],
[27,0.0541,0.43,83.482,209467,2019/11/20,"2019/11/20","2019/11/20"],
[33,0.336,0.536,80.01,226173,2019/11/20,"2019/11/20","2019/11/20"],
[49,0.288,0.765,125.938,219625,2019/11/20,"2019/11/20","2019/11/20"],
[39,0.315,0.962,127.041,194973,2019/11/20,"2019/11/20","2019/11/20"],
[55,0.0975,0.616,112.006,217651,2019/11/20,"2019/11/20","2019/11/20"],
[40,0.0932,0.81,120.04,222093,2019/11/20,"2019/11/20","2019/11/20"],
[40,0.396,0.755,179.995,206974,2019/11/20,"2019/11/20","2019/11/20"],
[41,0.302,0.695,119.972,201600,2019/11/20,"2019/11/20","2019/11/20"],
[37,0.0413,0.634,115.017,188840,2019/11/20,"2019/11/20","2019/11/20"],
[39,0.0397,0.888,204.112,181693,2019/11/20,"2019/11/20","2019/11/20"],
[37,0.0541,0.43,83.482,209467,2019/11/20,"2019/11/20","2019/11/20"],
[44,0.336,0.536,80.01,226173,2019/11/20,"2019/11/20","2019/11/20"],
[35,0.111,0.702,120.002,202540,2020/2/5,"2020/2/5","2020/2/5"],
[27,0.288,0.765,125.938,219625,2020/2/5,"2020/2/5","2020/2/5"],
[20,0.315,0.962,127.041,194973,2020/2/5,"2020/2/5","2020/2/5"],
[26,0.0975,0.616,112.006,217651,2020/2/5,"2020/2/5","2020/2/5"],
[29,0.0932,0.81,120.038,222093,2020/2/5,"2020/2/5","2020/2/5"],
[25,0.396,0.755,179.995,206974,2020/2/5,"2020/2/5","2020/2/5"],
[21,0.302,0.695,119.972,201600,2020/2/5,"2020/2/5","2020/2/5"],
[19,0.0413,0.634,115.017,188840,2020/2/5,"2020/2/5","2020/2/5"],
[24,0.0397,0.888,204.112,181693,2020/2/5,"2020/2/5","2020/2/5"],
[19,0.0541,0.43,83.482,209467,2020/2/5,"2020/2/5","2020/2/5"],
[23,0.336,0.536,80.01,226173,2020/2/5,"2020/2/5","2020/2/5"],
[42,0.111,0.702,120.002,202540,2020/2/5,"2020/2/5","2020/2/5"],
[38,0.288,0.765,125.938,219625,2020/2/5,"2020/2/5","2020/2/5"],
[33,0.315,0.962,127.041,194973,2020/2/5,"2020/2/5","2020/2/5"],
[39,0.0975,0.616,112.006,217651,2020/2/5,"2020/2/5","2020/2/5"],
[34,0.0932,0.81,120.038,222093,2020/2/5,"2020/2/5","2020/2/5"],
[34,0.396,0.755,179.995,206974,2020/2/5,"2020/2/5","2020/2/5"],
[34,0.302,0.695,119.972,201600,2020/2/5,"2020/2/5","2020/2/5"],
[31,0.0413,0.634,115.017,188840,2020/2/5,"2020/2/5","2020/2/5"],
[32,0.0397,0.888,204.112,181693,2020/2/5,"2020/2/5","2020/2/5"],
[31,0.0541,0.43,83.482,209467,2020/2/5,"2020/2/5","2020/2/5"],
[35,0.336,0.536,80.01,226173,2020/2/5,"2020/2/5","2020/2/5"],
[54,0.173,0.562,106.99,199653,2020/6/1,"2020/6/1","2020/6/1"],
[39,0.273,0.501,129.956,225400,2020/6/1,"2020/6/2","2020/6/2"],
[35,0.701,0.685,108.006,193467,2020/6/1,"2020/6/3","2020/6/3"],
[36,0.0446,0.814,111.517,186707,2020/6/1,"2020/6/4","2020/6/4"],
[34,0.282,0.478,110.8,168893,2020/6/1,"2020/6/5","2020/6/5"],
[33,0.112,0.613,187.873,173347,2020/6/1,"2020/6/6","2020/6/6"],
[35,0.35,0.589,110.029,191987,2020/6/1,"2020/6/7","2020/6/7"],
[67,0.173,0.562,106.99,199653,2020/6/1,"2020/6/8","2020/6/8"],
[51,0.273,0.501,129.956,225400,2020/6/1,"2020/6/9","2020/6/9"],
[49,0.701,0.685,108.006,193467,2020/6/1,"2020/6/10","2020/6/10"],
[51,0.0446,0.814,111.517,186707,2020/6/1,"2020/6/11","2020/6/11"],
[49,0.282,0.478,110.8,168893,2020/6/1,"2020/6/12","2020/6/12"],
[45,0.112,0.613,187.873,173347,2020/6/1,"2020/6/13","2020/6/13"],
[47,0.35,0.589,110.029,191987,2020/6/1,"2020/6/14","2020/6/14"],
[60,0.463,0.769,150.084,205493,2020/10/26,"2020/10/26","2020/10/26"],
[37,0.107,0.694,105.042,179320,2020/10/26,"2020/10/26","2020/10/26"],
[42,0.103,0.713,119.948,214240,2020/10/26,"2020/10/26","2020/10/26"],
[37,0.091,0.715,124.926,179587,2020/10/26,"2020/10/26","2020/10/26"],
[34,0.118,0.606,115.051,208133,2020/10/26,"2020/10/26","2020/10/26"],
[35,0.663,0.483,105.009,196947,2020/10/26,"2020/10/26","2020/10/26"],
[40,0.107,0.423,105.882,193573,2020/10/26,"2020/10/26","2020/10/26"],
[36,0.0999,0.509,100.062,181520,2020/10/26,"2020/10/26","2020/10/26"],
[36,0.357,0.553,97.995,209480,2020/10/26,"2020/10/26","2020/10/26"],
[34,0.0898,0.69,85.96,171053,2020/10/26,"2020/10/26","2020/10/26"],
[36,0.455,0.522,100.156,198867,2020/10/26,"2020/10/26","2020/10/26"],
[35,0.0646,0.723,105.963,247360,2020/10/26,"2020/10/26","2020/10/26"],
[34,0.195,0.346,86.468,218533,2020/10/26,"2020/10/26","2020/10/26"],
[76,0.463,0.769,150.084,205493,2020/10/26,"2020/10/26","2020/10/26"],
[57,0.107,0.694,105.042,179320,2020/10/26,"2020/10/26","2020/10/26"],
[61,0.103,0.713,119.948,214240,2020/10/26,"2020/10/26","2020/10/26"],
[52,0.091,0.715,124.926,179587,2020/10/26,"2020/10/26","2020/10/26"],
[51,0.118,0.606,115.051,208133,2020/10/26,"2020/10/26","2020/10/26"],
[50,0.663,0.483,105.009,196947,2020/10/26,"2020/10/26","2020/10/26"],
[55,0.107,0.423,105.882,193573,2020/10/26,"2020/10/26","2020/10/26"],
[54,0.0999,0.509,100.062,181520,2020/10/26,"2020/10/26","2020/10/26"],
[53,0.357,0.553,97.995,209480,2020/10/26,"2020/10/26","2020/10/26"],
[51,0.0898,0.69,85.96,171053,2020/10/26,"2020/10/26","2020/10/26"],
[51,0.455,0.522,100.156,198867,2020/10/26,"2020/10/26","2020/10/26"],
[55,0.0646,0.723,105.963,247360,2020/10/26,"2020/10/26","2020/10/26"],
[50,0.195,0.346,86.468,218533,2020/10/26,"2020/10/26","2020/10/26"],
[66,0.344,0.599,134.98,182680,2021/7/28,"2021/7/28","2021/7/28"],
[57,0.353,0.584,124.99,223667,2021/7/28,"2021/7/28","2021/7/28"],
[53,0.117,0.37,91.021,231233,2021/7/28,"2021/7/28","2021/7/28"],
[55,0.0764,0.81,114.922,220240,2021/7/28,"2021/7/28","2021/7/28"],
[58,0.0648,0.761,130.999,227747,2021/7/28,"2021/7/28","2021/7/28"],
[51,0.144,0.772,114.994,227653,2021/7/28,"2021/7/28","2021/7/28"],
[50,0.327,0.55,113.009,210953,2021/7/28,"2021/7/28","2021/7/28"],
[51,0.34,0.727,103.01,241747,2021/7/28,"2021/7/28","2021/7/28"],
[51,0.0638,0.502,102.022,197353,2021/7/28,"2021/7/28","2021/7/28"],
[51,0.116,0.317,135.786,259693,2021/7/28,"2021/7/28","2021/7/28"],
[19,0.325,0.61,134.966,184973,2021/7/28,"2021/7/28","2021/7/28"],
[13,0.29,0.582,124.982,222067,2021/7/28,"2021/7/28","2021/7/28"],
[9,0.117,0.37,91.021,231233,2021/7/28,"2021/7/28","2021/7/28"],
[12,0.0767,0.801,114.993,220033,2021/7/28,"2021/7/28","2021/7/28"],
[12,0.0628,0.763,131.012,227493,2021/7/28,"2021/7/28","2021/7/28"],
[9,0.144,0.772,114.994,227653,2021/7/28,"2021/7/28","2021/7/28"],
[11,0.327,0.55,113.009,210953,2021/7/28,"2021/7/28","2021/7/28"],
[9,0.34,0.727,103.01,241747,2021/7/28,"2021/7/28","2021/7/28"],
[9,0.0638,0.502,102.022,197353,2021/7/28,"2021/7/28","2021/7/28"],
[9,0.116,0.317,135.786,259693,2021/7/28,"2021/7/28","2021/7/28"],
[27,0.0557,0.603,127.023,185218,2021/10/1,"2021/10/1","2021/10/1"],
[28,0.0816,0.922,120.044,198053,2021/10/1,"2021/10/1","2021/10/1"],
[25,0.0363,0.674,117.996,202922,2021/10/1,"2021/10/1","2021/10/1"],
[22,0.317,0.553,124.057,135000,2021/10/1,"2021/10/1","2021/10/1"],
[15,0.062,0.9,119.958,198053,2021/10/1,"2021/10/1","2021/10/1"],
[12,0.634,0.947,126.987,249710,2021/10/1,"2021/10/1","2021/10/1"],
[10,0.0782,0.673,118.004,202922,2021/10/1,"2021/10/1","2021/10/1"],
[10,0.102,0.176,123.991,135000,2021/10/1,"2021/10/1","2021/10/1"],
[7,0.0616,0.487,126.989,185218,2021/10/1,"2021/10/1","2021/10/1"],
[40,0.0557,0.607,127.015,185218,2021/10/1,"2021/10/1","2021/10/1"],
[63,0.0816,0.922,120.044,198053,2021/10/1,"2021/10/1","2021/10/1"],
[37,0.0353,0.679,117.996,202922,2021/10/1,"2021/10/1","2021/10/1"],
[37,0.317,0.553,124.044,135000,2021/10/1,"2021/10/1","2021/10/1"],
[33,0.062,0.9,119.958,198053,2021/10/1,"2021/10/1","2021/10/1"],
[25,0.634,0.948,126.99,249709,2021/10/1,"2021/10/1","2021/10/1"],
[26,0.0785,0.67,118.006,202922,2021/10/1,"2021/10/1","2021/10/1"],
[26,0.102,0.176,123.991,135000,2021/10/1,"2021/10/1","2021/10/1"],
[22,0.0677,0.487,127.013,184041,2021/10/1,"2021/10/1","2021/10/1"],
[56,0.0816,0.922,120.044,198053,2021/10/1,"2021/10/1","2021/10/1"],
[29,0.0363,0.674,117.996,202922,2021/10/1,"2021/10/1","2021/10/1"],
[21,0.317,0.553,124.057,135000,2021/10/1,"2021/10/1","2021/10/1"],
[13,0.062,0.9,119.958,198053,2021/10/1,"2021/10/1","2021/10/1"],
[10,0.0782,0.673,118.004,202922,2021/10/1,"2021/10/1","2021/10/1"],
[10,0.102,0.176,123.991,135000,2021/10/1,"2021/10/1","2021/10/1"],
[22,0.0816,0.922,120.044,198053,2021/10/1,"2021/10/1","2021/10/1"],
[3,0.0349,0.679,117.997,202922,2021/10/1,"2021/10/1","2021/10/1"],
[3,0.317,0.553,124.044,135000,2021/10/1,"2021/10/1","2021/10/1"],
[2,0.062,0.9,119.958,198053,2021/10/1,"2021/10/1","2021/10/1"],
[1,0.0784,0.684,118.009,202922,2021/10/1,"2021/10/1","2021/10/1"],
[1,0.102,0.176,123.991,135000,2021/10/1,"2021/10/1","2021/10/1"],
[58,0.126,0.649,112.999,194600,2021/11/12,"2021/11/12","2021/11/12"],
[45,0.0535,0.961,115.995,219387,2021/11/12,"2021/11/12","2021/11/12"],
[44,0.0756,0.816,149.984,176160,2021/11/12,"2021/11/12","2021/11/12"],
[42,0.151,0.82,124.989,211427,2021/11/12,"2021/11/12","2021/11/12"],
[43,0.0453,0.886,119.975,187933,2021/11/12,"2021/11/12","2021/11/12"],
[41,0.196,0.653,117.971,191253,2021/11/12,"2021/11/12","2021/11/12"],
[43,0.0892,0.61,141.968,170560,2021/11/12,"2021/11/12","2021/11/12"],
[43,0.141,0.752,93.208,187800,2021/11/12,"2021/11/12","2021/11/12"],
[46,0.378,0.436,82.026,180613,2021/11/12,"2021/11/12","2021/11/12"],
[42,0.154,0.223,169.835,217213,2021/11/12,"2021/11/12","2021/11/12"],
[43,0.0658,0.778,120.069,205467,2021/11/12,"2021/11/12","2021/11/12"],
[44,0.057,0.544,169.968,183213,2021/11/12,"2021/11/12","2021/11/12"],
[43,0.222,0.708,88.938,198453,2021/11/12,"2021/11/12","2021/11/12"],
[43,0.0671,0.78,116.03,195053,2021/11/12,"2021/11/12","2021/11/12"],
[61,0.0816,0.922,120.044,198053,2021/11/12,"2021/11/12","2021/11/12"],
[41,0.152,0.556,123.025,208780,2021/11/12,"2021/11/12","2021/11/12"],
[71,0.126,0.649,112.999,194600,2021/11/12,"2021/11/12","2021/11/12"],
[64,0.0535,0.961,115.995,219387,2021/11/12,"2021/11/12","2021/11/12"],
[62,0.0756,0.816,149.984,176160,2021/11/12,"2021/11/12","2021/11/12"],
[59,0.151,0.82,124.989,211427,2021/11/12,"2021/11/12","2021/11/12"],
[55,0.0453,0.886,119.975,187933,2021/11/12,"2021/11/12","2021/11/12"],
[57,0.196,0.653,117.971,191253,2021/11/12,"2021/11/12","2021/11/12"],
[61,0.0892,0.61,141.968,170560,2021/11/12,"2021/11/12","2021/11/12"],
[58,0.141,0.752,93.208,187800,2021/11/12,"2021/11/12","2021/11/12"],
[64,0.378,0.436,82.026,180613,2021/11/12,"2021/11/12","2021/11/12"],
[56,0.154,0.223,169.835,217213,2021/11/12,"2021/11/12","2021/11/12"],
[58,0.0658,0.778,120.069,205467,2021/11/12,"2021/11/12","2021/11/12"],
[61,0.057,0.544,169.968,183213,2021/11/12,"2021/11/12","2021/11/12"],
[58,0.222,0.708,88.938,198453,2021/11/12,"2021/11/12","2021/11/12"],
[56,0.0671,0.78,116.03,195053,2021/11/12,"2021/11/12","2021/11/12"],
[77,0.0816,0.922,120.044,198053,2021/11/12,"2021/11/12","2021/11/12"],
[50,0.186,0.622,123.02,208780,2021/11/12,"2021/11/12","2021/11/12"],
[34,0.126,0.649,112.999,194600,2021/11/12,"2021/11/12","2021/11/12"],
[18,0.0535,0.961,115.995,219387,2021/11/12,"2021/11/12","2021/11/12"],
[16,0.0756,0.816,149.984,176160,2021/11/12,"2021/11/12","2021/11/12"],
[14,0.151,0.82,124.989,211427,2021/11/12,"2021/11/12","2021/11/12"],
[13,0.0453,0.886,119.975,187933,2021/11/12,"2021/11/12","2021/11/12"],
[13,0.196,0.653,117.971,191253,2021/11/12,"2021/11/12","2021/11/12"],
[17,0.0892,0.61,141.968,170560,2021/11/12,"2021/11/12","2021/11/12"],
[14,0.141,0.752,93.208,187800,2021/11/12,"2021/11/12","2021/11/12"],
[16,0.378,0.436,82.026,180613,2021/11/12,"2021/11/12","2021/11/12"],
[14,0.154,0.223,169.835,217213,2021/11/12,"2021/11/12","2021/11/12"],
[15,0.0658,0.778,120.069,205467,2021/11/12,"2021/11/12","2021/11/12"],
[15,0.057,0.544,169.968,183213,2021/11/12,"2021/11/12","2021/11/12"],
[16,0.222,0.708,88.938,198453,2021/11/12,"2021/11/12","2021/11/12"],
[15,0.0671,0.78,116.03,195053,2021/11/12,"2021/11/12","2021/11/12"],
[35,0.0816,0.922,120.044,198053,2021/11/12,"2021/11/12","2021/11/12"],
[11,0.152,0.556,123.024,208780,2021/11/12,"2021/11/12","2021/11/12"],
[69,0.145,0.459,82.039,263680,2021/12/3,"2021/12/3","2021/12/3"],
[53,0.145,0.459,82.039,263680,2021/12/15,"2021/12/15","2021/12/15"],
[59,0.168,0.547,74.944,211213,2021/12/15,"2021/12/15","2021/12/15"],
[37,0.185,0.345,82.024,263680,2021/12/15,"2021/12/15","2021/12/15"],
[29,0.17,0.436,74.996,212840,2021/12/15,"2021/12/15","2021/12/15"],
[12,0.145,0.459,82.039,263680,2021/12/15,"2021/12/15","2021/12/15"],
[18,0.168,0.547,74.944,211213,2021/12/15,"2021/12/15","2021/12/15"],
[2,0.185,0.345,82.024,263680,2021/12/15,"2021/12/15","2021/12/15"],
[2,0.17,0.436,74.996,212840,2021/12/15,"2021/12/15","2021/12/15"],
[10,0.0554,0.606,127.03,185218,2022/2/4,"2022/2/4","2022/2/4"],
[14,0.0816,0.922,120.044,198053,2022/2/4,"2022/2/4","2022/2/4"],
[1,0.0349,0.679,117.997,202922,2022/2/4,"2022/2/4","2022/2/4"],
[1,0.317,0.553,124.044,135000,2022/2/4,"2022/2/4","2022/2/4"],
[1,0.062,0.9,119.958,198053,2022/2/4,"2022/2/4","2022/2/4"],
[1,0.635,0.95,126.985,249709,2022/2/4,"2022/2/4","2022/2/4"],
[0,0.0784,0.684,118.009,202922,2022/2/4,"2022/2/4","2022/2/4"],
[0,0.102,0.176,123.991,135000,2022/2/4,"2022/2/4","2022/2/4"],
[1,0.0677,0.49,127.011,184041,2022/2/4,"2022/2/4","2022/2/4"],
[45,0.137,0.672,112.975,196707,2022/3/2,"2022/3/2","2022/3/2"],
[53,0.513,0.782,150.018,209400,2022/3/16,"2022/3/16","2022/3/16"],
[53,0.155,0.469,144.8,207280,2022/3/16,"2022/3/16","2022/3/16"],
[52,0.11,0.669,96.987,213547,2022/3/16,"2022/3/16","2022/3/16"],
[50,0.137,0.672,112.975,196707,2022/3/16,"2022/3/16","2022/3/16"],
[56,0.407,0.346,105.039,200213,2022/3/22,"2022/3/22","2022/3/22"],
[66,0.0634,0.864,111.998,188433,2022/7/15,"2022/7/15","2022/7/15"],
[63,0.0634,0.864,111.998,188433,2022/7/27,"2022/8/27","2022/8/27"],
[48,0.0387,0.756,103.999,183989,2022/7/27,"2022/8/27","2022/8/27"],
[49,0.303,0.607,114.968,183340,2022/7/27,"2022/8/27","2022/8/27"],
[48,0.0734,0.844,109.981,213340,2022/7/27,"2022/8/27","2022/8/27"],
[49,0.334,0.764,104.04,182033,2022/7/27,"2022/8/27","2022/8/27"],
[49,0.116,0.684,168.041,210867,2022/7/27,"2022/8/27","2022/8/27"],
[49,0.0522,0.883,100.034,192167,2022/7/27,"2022/8/27","2022/8/27"],
[48,0.407,0.346,105.039,200213,2022/7/27,"2022/8/27","2022/8/27"],
[62,0.145,0.459,82.039,263680,2022/7/27,"2022/8/27","2022/8/27"],
[25,0.0634,0.864,111.998,188433,2022/7/27,"2022/8/27","2022/8/27"],
[11,0.0387,0.756,103.999,183989,2022/7/27,"2022/8/27","2022/8/27"],
[11,0.303,0.607,114.968,183340,2022/7/27,"2022/8/27","2022/8/27"],
[10,0.0734,0.844,109.981,213340,2022/7/27,"2022/8/27","2022/8/27"],
[11,0.334,0.764,104.04,182033,2022/7/27,"2022/8/27","2022/8/27"],
[10,0.116,0.684,168.041,210867,2022/7/27,"2022/8/27","2022/8/27"],
[10,0.0522,0.883,100.034,192167,2022/7/27,"2022/8/27","2022/8/27"],
[16,0.0887,0.36,105.01,202414,2022/7/27,"2022/8/27","2022/8/27"],
[19,0.147,0.456,82.004,266450,2022/7/27,"2022/8/27","2022/8/27"],
[72,0.332,0.768,119.964,177467,2022/8/26,"2022/8/26","2022/8/26"],
[53,0.0728,0.816,149.932,186947,2022/8/26,"2022/8/26","2022/8/26"],
[50,0.126,0.587,138.017,176973,2022/8/26,"2022/8/26","2022/8/26"],
[47,0.0539,0.551,122.962,215400,2022/8/26,"2022/8/26","2022/8/26"],
[47,0.218,0.661,131.97,189200,2022/8/26,"2022/8/26","2022/8/26"],
[46,0.0574,0.819,159.887,195000,2022/8/26,"2022/8/26","2022/8/26"],
[46,0.114,0.534,136.944,189347,2022/8/26,"2022/8/26","2022/8/26"],
[83,0.334,0.783,119.973,177467,2022/8/26,"2022/8/26","2022/8/26"],
[67,0.0702,0.815,149.94,186947,2022/8/26,"2022/8/26","2022/8/26"],
[69,0.139,0.585,137.997,176973,2022/8/26,"2022/8/26","2022/8/26"],
[61,0.0427,0.571,122.946,215400,2022/8/26,"2022/8/26","2022/8/26"],
[62,0.178,0.663,131.963,189200,2022/8/26,"2022/8/26","2022/8/26"],
[61,0.0576,0.836,159.886,195000,2022/8/26,"2022/8/26","2022/8/26"],
[60,0.109,0.537,136.968,189347,2022/8/26,"2022/8/26","2022/8/26"],
[47,0.332,0.779,119.975,177467,2022/8/26,"2022/8/26","2022/8/26"],
[26,0.0722,0.814,149.942,186947,2022/8/26,"2022/8/26","2022/8/26"],
[26,0.15,0.585,138.005,176973,2022/8/26,"2022/8/26","2022/8/26"],
[22,0.0439,0.57,122.932,215400,2022/8/26,"2022/8/26","2022/8/26"],
[23,0.166,0.64,131.959,189200,2022/8/26,"2022/8/26","2022/8/26"],
[22,0.0555,0.833,159.873,195000,2022/8/26,"2022/8/26","2022/8/26"],
[22,0.109,0.551,136.958,189347,2022/8/26,"2022/8/26","2022/8/26"],