,Unnamed: 0,popularity,danceability,energy,key,speechiness,acousticness,instrumentalness,liveness,valence,tempo,duration_ms,time_signature,artist_name,release_date,song_name
382,382,54,0.601,0.733,11,0.0338,0.158,0.0,0.226,0.421,90.027,175307,4,TWICE,2016,One In A Million
381,381,41,0.687,0.805,8,0.0463,0.00995,5.28e-05,0.653,0.676,93.017,175947,4,TWICE,2016,Next Page
380,380,41,0.662,0.882,7,0.144,0.124,0.00013,0.318,0.612,178.034,207507,4,TWICE,2016,Pit-a-Pat
379,379,48,0.705,0.889,9,0.13,0.115,6.43e-06,0.325,0.884,163.936,210627,4,TWICE,2016,Jelly Jelly
378,378,40,0.516,0.948,6,0.0559,0.186,0.0,0.846,0.776,161.914,206187,4,TWICE,2016,Ponytail
377,377,51,0.621,0.839,1,0.271,0.109,0.0,0.167,0.701,88.497,175200,4,TWICE,2016,1 To 10
376,376,68,0.708,0.852,2,0.0851,0.0525,0.00016,0.399,0.396,129.946,212987,4,TWICE,2016,TT
319,319,36,0.72,0.909,1,0.0389,0.146,0.0,0.0675,0.662,134.898,193144,4,TWICE,2017,LOOK AT ME
337,337,48,0.72,0.399,3,0.0331,0.845,0.0,0.0887,0.356,133.945,262960,4,TWICE,2017,Jaljayo Good Night
338,338,28,0.717,0.91,4,0.0344,0.399,0.000448,0.129,0.437,132.013,207824,4,TWICE,2017,LIKEY
339,339,17,0.726,0.817,1,0.137,0.542,0.0,0.135,0.596,95.015,198034,4,TWICE,2017,거북이 / TURTLE
340,340,8,0.806,0.724,1,0.0468,0.247,0.0,0.113,0.855,119.96,179711,4,TWICE,2017,MISSING U
341,341,6,0.775,0.921,1,0.14,0.373,0.0,0.0534,0.921,160.032,180962,4,TWICE,2017,WOW
342,342,5,0.705,0.947,6,0.0452,0.127,5.17e-06,0.295,0.906,127.98,225984,4,TWICE,2017,FFW
343,343,5,0.662,0.88,11,0.0486,0.0555,0.0,0.126,0.823,150.011,212117,4,TWICE,2017,DING DONG
344,344,6,0.876,0.765,6,0.0672,0.0772,2.59e-05,0.385,0.536,123.049,215485,4,TWICE,2017,24/7
345,345,9,0.719,0.914,1,0.0367,0.166,0.0,0.0638,0.631,134.91,193144,4,TWICE,2017,날 바라바라봐 / LOOK AT ME
346,346,7,0.887,0.649,9,0.0444,0.0429,0.0121,0.279,0.245,122.008,190898,4,TWICE,2017,ROLLIN’
347,347,6,0.696,0.771,0,0.0442,0.242,0.0,0.108,0.504,95.001,196796,4,TWICE,2017,LOVE LINE
348,348,5,0.84,0.679,9,0.0466,0.0615,1.41e-05,0.121,0.422,102.994,178344,4,TWICE,2017,힘내! (DON’T GIVE UP) / DON’T GIVE UP
349,349,8,0.686,0.865,2,0.0327,0.31,0.0,0.109,0.406,103.001,208868,4,TWICE,2017,널 내게 담아 / YOU IN MY HEART
350,350,7,0.718,0.401,3,0.0333,0.84,0.0,0.0969,0.376,133.949,262922,4,TWICE,2017,잘자요 굿나잇 / JALJAYO GOOD NIGHT
351,351,38,0.708,0.853,2,0.0844,0.0525,0.000173,0.399,0.399,129.946,212991,4,TWICE,2017,TT
352,352,31,0.621,0.829,1,0.232,0.12,0.0,0.16,0.742,88.428,175200,4,TWICE,2017,1 TO 10
353,353,24,0.516,0.955,6,0.0529,0.17,0.0,0.751,0.827,161.905,206187,4,TWICE,2017,PONYTAIL
354,354,31,0.703,0.891,9,0.124,0.111,4.73e-06,0.343,0.855,163.929,210627,4,TWICE,2017,JELLY JELLY
355,355,26,0.741,0.885,7,0.127,0.114,0.000149,0.293,0.587,89.008,207507,4,TWICE,2017,PIT-A-PAT
356,356,25,0.685,0.801,8,0.0448,0.0102,7.24e-05,0.655,0.68,93.008,175947,4,TWICE,2017,NEXT PAGE
336,336,45,0.687,0.858,2,0.0328,0.288,0.0,0.109,0.392,102.997,208867,4,TWICE,2017,You In My Heart
357,357,35,0.599,0.732,11,0.0324,0.146,0.0,0.204,0.424,89.87,175256,4,TWICE,2017,ONE IN A MILLION
335,335,39,0.839,0.668,9,0.0474,0.0629,8.87e-06,0.132,0.452,102.992,178347,4,TWICE,2017,Don't Give Up
333,333,48,0.882,0.629,9,0.0446,0.0462,0.00843,0.28,0.244,122.023,190893,4,TWICE,2017,Rollin'
318,318,29,0.879,0.766,6,0.0728,0.0743,3.5e-05,0.401,0.558,123.072,215485,4,TWICE,2017,24/7
320,320,29,0.886,0.62,9,0.0428,0.0402,0.0087,0.273,0.272,122.014,190898,4,TWICE,2017,ROLLIN'
267,267,54,0.563,0.945,8,0.0635,0.0949,0.0,0.216,0.865,164.077,186896,4,TWICE,2017,Heart Shaker
268,268,56,0.709,0.62,10,0.0387,0.425,0.0,0.0822,0.658,154.026,192571,4,TWICE,2017,Merry & Happy
269,269,32,0.723,0.898,4,0.0354,0.431,0.0015,0.136,0.394,131.96,207824,4,TWICE,2017,LIKEY
270,270,28,0.729,0.804,1,0.135,0.553,0.0,0.15,0.609,95.139,198034,4,TWICE,2017,TURTLE
271,271,27,0.805,0.702,1,0.054,0.212,0.0,0.112,0.833,119.995,179711,4,TWICE,2017,MISSING U
272,272,22,0.776,0.915,1,0.151,0.355,0.0,0.0537,0.909,160.092,180962,4,TWICE,2017,WOW
273,273,23,0.71,0.946,6,0.0465,0.125,3.02e-06,0.282,0.895,127.984,225984,4,TWICE,2017,FFW
274,274,22,0.658,0.879,11,0.0531,0.0557,0.0,0.233,0.824,149.998,212117,4,TWICE,2017,DING DONG
275,275,24,0.879,0.766,6,0.0728,0.0743,3.5e-05,0.401,0.558,123.072,215485,4,TWICE,2017,24/7
276,276,25,0.72,0.909,1,0.0389,0.146,0.0,0.0675,0.662,134.898,193144,4,TWICE,2017,LOOK AT ME
277,277,22,0.886,0.62,9,0.0428,0.0402,0.0087,0.273,0.272,122.014,190898,4,TWICE,2017,ROLLIN'
278,278,22,0.696,0.784,0,0.0437,0.251,0.0,0.11,0.542,95.019,196796,4,TWICE,2017,LOVE LINE
279,279,21,0.838,0.658,9,0.0456,0.0574,9.55e-06,0.124,0.414,102.982,178344,4,TWICE,2017,DON'T GIVE UP
280,280,27,0.692,0.867,2,0.0331,0.286,0.0,0.109,0.382,102.988,208868,4,TWICE,2017,YOU IN MY HEART
321,321,31,0.696,0.784,0,0.0437,0.251,0.0,0.11,0.542,95.019,196796,4,TWICE,2017,LOVE LINE
322,322,26,0.838,0.658,9,0.0456,0.0574,9.55e-06,0.124,0.414,102.982,178344,4,TWICE,2017,DON'T GIVE UP
323,323,34,0.692,0.867,2,0.0331,0.286,0.0,0.109,0.382,102.988,208868,4,TWICE,2017,YOU IN MY HEART
324,324,31,0.721,0.396,3,0.0344,0.848,0.0,0.0911,0.359,133.979,262922,4,TWICE,2017,JALJAYO GOOD NIGHT
325,325,69,0.723,0.903,4,0.033,0.413,0.000377,0.118,0.443,132.006,207813,4,TWICE,2017,Likey
326,326,53,0.741,0.809,1,0.135,0.553,0.0,0.142,0.615,94.985,198040,4,TWICE,2017,Turtle
327,327,46,0.807,0.704,1,0.0475,0.215,0.0,0.108,0.856,119.966,179707,4,TWICE,2017,Missing U
329,329,41,0.707,0.946,6,0.045,0.14,6.44e-06,0.299,0.916,127.967,225987,4,TWICE,2017,Ffw
330,330,40,0.661,0.871,11,0.0534,0.0581,0.0,0.24,0.811,150.015,212120,4,TWICE,2017,Ding Dong
331,331,44,0.878,0.749,6,0.0682,0.0741,1.82e-05,0.404,0.531,123.064,215480,4,TWICE,2017,24/7
332,332,48,0.719,0.909,1,0.0365,0.156,1.21e-06,0.0655,0.665,134.892,193147,4,TWICE,2017,Look At Me
334,334,46,0.697,0.767,0,0.0444,0.226,0.0,0.108,0.518,94.998,196800,4,TWICE,2017,Love Line
358,358,51,0.673,0.968,1,0.131,0.0242,0.0,0.0586,0.476,129.972,195753,4,TWICE,2017,KNOCK KNOCK
328,328,40,0.776,0.917,1,0.157,0.355,0.0,0.0532,0.928,160.124,180960,4,TWICE,2017,Wow
360,360,51,0.708,0.853,2,0.0844,0.0525,0.000173,0.399,0.399,129.946,212991,4,TWICE,2017,TT
294,294,31,0.828,0.663,9,0.0477,0.0592,1.26e-05,0.155,0.465,102.985,178347,4,TWICE,2017,Don't Give Up
295,295,34,0.689,0.858,2,0.0331,0.291,0.0,0.109,0.421,103.0,208867,4,TWICE,2017,You In My Heart
296,296,38,0.723,0.392,3,0.0333,0.851,0.0,0.0961,0.361,133.93,262960,4,TWICE,2017,Jaljayo Good Night
297,297,31,0.565,0.945,8,0.064,0.0967,0.0,0.177,0.841,164.08,186896,4,TWICE,2017,Heart Shaker
298,298,37,0.709,0.62,10,0.0387,0.425,0.0,0.0822,0.658,154.026,192571,4,TWICE,2017,Merry & Happy
299,299,12,0.717,0.91,4,0.0344,0.399,0.000448,0.129,0.437,132.013,207824,4,TWICE,2017,LIKEY
300,300,9,0.726,0.817,1,0.137,0.542,0.0,0.135,0.596,95.015,198034,4,TWICE,2017,거북이 / TURTLE
301,301,5,0.806,0.724,1,0.0468,0.247,0.0,0.113,0.855,119.96,179711,4,TWICE,2017,MISSING U
302,302,5,0.775,0.921,1,0.14,0.373,0.0,0.0534,0.921,160.032,180962,4,TWICE,2017,WOW
303,303,4,0.705,0.947,6,0.0452,0.127,5.17e-06,0.295,0.906,127.98,225984,4,TWICE,2017,FFW
304,304,3,0.662,0.88,11,0.0486,0.0555,0.0,0.126,0.823,150.011,212117,4,TWICE,2017,DING DONG
293,293,34,0.692,0.761,0,0.0456,0.269,0.0,0.105,0.495,95.004,196800,4,TWICE,2017,Love Line
305,305,4,0.876,0.765,6,0.0672,0.0772,2.59e-05,0.385,0.536,123.049,215485,4,TWICE,2017,24/7
308,308,3,0.696,0.771,0,0.0442,0.242,0.0,0.108,0.504,95.001,196796,4,TWICE,2017,LOVE LINE
309,309,3,0.84,0.679,9,0.0466,0.0615,1.41e-05,0.121,0.422,102.994,178344,4,TWICE,2017,힘내! (DON’T GIVE UP) / DON’T GIVE UP
310,310,3,0.686,0.865,2,0.0327,0.31,0.0,0.109,0.406,103.001,208868,4,TWICE,2017,널 내게 담아 / YOU IN MY HEART
311,311,3,0.718,0.401,3,0.0333,0.84,0.0,0.0969,0.376,133.949,262922,4,TWICE,2017,잘자요 굿나잇 / JALJAYO GOOD NIGHT
312,312,52,0.723,0.898,4,0.0354,0.431,0.0015,0.136,0.394,131.96,207824,4,TWICE,2017,LIKEY
313,313,41,0.729,0.804,1,0.135,0.553,0.0,0.15,0.609,95.139,198034,4,TWICE,2017,TURTLE
314,314,32,0.805,0.702,1,0.054,0.212,0.0,0.112,0.833,119.995,179711,4,TWICE,2017,MISSING U
315,315,25,0.776,0.915,1,0.151,0.355,0.0,0.0537,0.909,160.092,180962,4,TWICE,2017,WOW
359,359,36,0.654,0.564,5,0.0366,0.475,0.0,0.114,0.229,123.944,232067,4,TWICE,2017,Ice Cream
317,317,25,0.658,0.879,11,0.0531,0.0557,0.0,0.233,0.824,149.998,212117,4,TWICE,2017,DING DONG
316,316,27,0.71,0.946,6,0.0465,0.125,3.02e-06,0.282,0.895,127.984,225984,4,TWICE,2017,FFW
306,306,4,0.719,0.914,1,0.0367,0.166,0.0,0.0638,0.631,134.91,193144,4,TWICE,2017,날 바라바라봐 / LOOK AT ME
292,292,36,0.883,0.638,9,0.044,0.0512,0.0151,0.279,0.263,122.022,190893,4,TWICE,2017,Rollin'
307,307,3,0.887,0.649,9,0.0444,0.0429,0.0121,0.279,0.245,122.008,190898,4,TWICE,2017,ROLLIN’
290,290,34,0.877,0.744,6,0.0705,0.0678,2.57e-05,0.387,0.548,123.067,215480,4,TWICE,2017,24/7
363,363,41,0.703,0.891,9,0.124,0.111,4.73e-06,0.343,0.855,163.929,210627,4,TWICE,2017,JELLY JELLY
362,362,25,0.516,0.955,6,0.0529,0.17,0.0,0.751,0.827,161.905,206187,4,TWICE,2017,PONYTAIL
361,361,40,0.621,0.829,1,0.232,0.12,0.0,0.16,0.742,88.428,175200,4,TWICE,2017,1 TO 10
291,291,34,0.719,0.913,1,0.0386,0.165,0.0,0.0687,0.635,134.888,193147,4,TWICE,2017,Look At Me
364,364,31,0.741,0.885,7,0.127,0.114,0.000149,0.293,0.587,89.008,207507,4,TWICE,2017,PIT-A-PAT
365,365,27,0.685,0.801,8,0.0448,0.0102,7.24e-05,0.655,0.68,93.008,175947,4,TWICE,2017,NEXT PAGE
366,366,45,0.599,0.732,11,0.0324,0.146,0.0,0.204,0.424,89.87,175256,4,TWICE,2017,ONE IN A MILLION
367,367,62,0.672,0.968,1,0.131,0.0243,0.0,0.0587,0.473,129.971,195747,4,TWICE,2017,Knock Knock
369,369,47,0.713,0.86,2,0.0891,0.0463,0.000161,0.434,0.35,129.929,212987,4,TWICE,2017,TT
370,370,36,0.718,0.84,6,0.225,0.133,0.0,0.166,0.735,89.02,175200,4,TWICE,2017,1 To 10
371,371,31,0.507,0.952,6,0.055,0.164,0.0,0.79,0.815,161.841,206187,4,TWICE,2017,Ponytail
372,372,34,0.704,0.898,1,0.0794,0.105,7.43e-06,0.324,0.849,163.939,210627,4,TWICE,2017,Jelly Jelly
368,368,50,0.656,0.573,5,0.0369,0.451,0.0,0.113,0.235,123.936,232067,4,TWICE,2017,Ice Cream
374,374,32,0.686,0.805,8,0.0571,0.00871,2.34e-05,0.623,0.662,93.019,175947,4,TWICE,2017,Next Page
289,289,33,0.661,0.881,11,0.051,0.0525,0.0,0.224,0.801,149.995,212120,4,TWICE,2017,Ding Dong
373,373,31,0.664,0.889,7,0.168,0.125,9.77e-05,0.291,0.582,178.05,207507,4,TWICE,2017,Pit-a-Pat
286,286,36,0.808,0.71,1,0.0482,0.22,0.0,0.112,0.849,119.976,179707,4,TWICE,2017,Missing U
287,287,33,0.775,0.914,1,0.149,0.355,0.0,0.0547,0.922,160.118,180960,4,TWICE,2017,Wow
284,284,45,0.72,0.904,4,0.0332,0.437,0.000551,0.117,0.428,131.988,207813,4,TWICE,2017,Likey
285,285,38,0.729,0.808,1,0.135,0.523,0.0,0.16,0.623,95.079,198040,4,TWICE,2017,Turtle
282,282,66,0.564,0.944,8,0.0647,0.105,0.0,0.154,0.857,164.062,186893,4,TWICE,2017,Heart Shaker
281,281,23,0.721,0.396,3,0.0344,0.848,0.0,0.0911,0.359,133.979,262922,4,TWICE,2017,JALJAYO GOOD NIGHT
375,375,38,0.599,0.732,11,0.033,0.149,0.0,0.199,0.45,89.948,175280,4,TWICE,2017,One In A Million
283,283,58,0.716,0.63,10,0.0377,0.403,0.0,0.0817,0.666,154.077,192573,4,TWICE,2017,Merry & Happy
288,288,33,0.711,0.949,6,0.0431,0.126,3.19e-06,0.296,0.928,127.976,225987,4,TWICE,2017,Ffw
218,218,44,0.706,0.926,6,0.0375,0.0597,5.23e-06,0.162,0.747,137.985,237693,4,TWICE,2018,YES or YES
219,219,34,0.792,0.898,9,0.0661,0.307,2.31e-06,0.0727,0.929,135.006,212867,4,TWICE,2018,SAY YOU LOVE ME
220,220,33,0.698,0.874,9,0.0779,0.312,0.0,0.177,0.807,156.976,186293,4,TWICE,2018,LALALA
217,217,44,0.671,0.591,8,0.0366,0.54,0.0,0.103,0.373,142.0,227733,4,TWICE,2018,Be as ONE (Korean Version)
221,221,30,0.786,0.644,2,0.116,0.131,0.0,0.32,0.31,104.895,181187,4,TWICE,2018,YOUNG & WILD
225,225,57,0.702,0.913,11,0.0374,0.0514,3.71e-06,0.166,0.735,137.982,237685,4,TWICE,2018,YES or YES
223,223,34,0.451,0.65,5,0.082,0.572,0.0,0.121,0.413,193.199,203867,4,TWICE,2018,AFTER MOON
224,224,35,0.727,0.87,1,0.0496,0.0158,0.0,0.11,0.656,137.956,196320,4,TWICE,2018,BDZ (Korean Version)
226,226,38,0.79,0.889,9,0.0651,0.303,2.05e-06,0.0677,0.925,135.004,212871,4,TWICE,2018,SAY YOU LOVE ME
227,227,33,0.696,0.872,9,0.077,0.315,0.0,0.229,0.836,157.012,186287,4,TWICE,2018,LALALA
216,216,54,0.72,0.655,5,0.0248,0.383,0.0,0.156,0.468,104.976,210440,4,TWICE,2018,The Best Thing I Ever Did
228,228,28,0.583,0.647,2,0.189,0.129,0.0,0.435,0.299,102.398,181199,4,TWICE,2018,YOUNG & WILD
229,229,29,0.535,0.911,4,0.148,0.319,0.0,0.559,0.794,170.109,222554,4,TWICE,2018,SUNSET
215,215,22,0.722,0.866,1,0.052,0.0154,0.0,0.11,0.659,137.946,196314,4,TWICE,2018,BDZ - Korean Ver.
204,204,33,0.674,0.965,7,0.0696,0.016,9.59e-05,0.145,0.75,157.041,213956,4,TWICE,2018,BRAND NEW GIRL
213,213,17,0.535,0.911,4,0.148,0.319,0.0,0.559,0.794,170.109,222554,4,TWICE,2018,SUNSET
198,198,36,0.74,0.928,7,0.0633,0.00288,0.0,0.319,0.671,129.955,183001,4,TWICE,2018,One More Time
230,230,34,0.692,0.645,5,0.0338,0.511,0.0,0.122,0.372,97.049,203860,4,TWICE,2018,AFTER MOON
199,199,39,0.599,0.943,0,0.0894,0.177,2.6e-05,0.141,0.84,174.059,202010,4,TWICE,2018,Candy Pop
200,200,36,0.806,0.858,8,0.0715,0.053,0.0,0.109,0.871,125.005,203040,4,TWICE,2018,L.O.V.E
201,201,37,0.516,0.719,6,0.0458,0.16,0.0,0.0541,0.433,205.786,272493,4,TWICE,2018,Wishing
202,202,35,0.751,0.838,7,0.137,0.279,0.0,0.0673,0.579,129.985,203587,4,TWICE,2018,Say it again
203,203,34,0.656,0.994,6,0.0807,0.209,0.0,0.318,0.795,125.979,211800,4,TWICE,2018,Wake Me Up
205,205,39,0.613,0.558,8,0.0361,0.465,0.0,0.0975,0.358,142.003,231120,4,TWICE,2018,Be as ONE
206,206,35,0.713,0.848,10,0.0338,0.0148,0.0,0.0808,0.787,106.093,203816,4,TWICE,2018,I WANT YOU BACK
207,207,41,0.72,0.655,5,0.0248,0.383,0.0,0.156,0.468,104.977,210451,4,TWICE,2018,The Best Thing I Ever Did
208,208,31,0.671,0.593,5,0.0376,0.572,0.0,0.0901,0.353,142.045,227732,4,TWICE,2018,Be as ONE - Korean Ver.
209,209,32,0.702,0.913,11,0.0374,0.0514,3.71e-06,0.166,0.735,137.982,237685,4,TWICE,2018,YES or YES
210,210,20,0.79,0.889,9,0.0651,0.303,2.05e-06,0.0677,0.925,135.004,212871,4,TWICE,2018,SAY YOU LOVE ME
211,211,19,0.696,0.872,9,0.077,0.315,0.0,0.229,0.836,157.012,186287,4,TWICE,2018,LALALA
212,212,17,0.583,0.647,2,0.189,0.129,0.0,0.435,0.299,102.398,181199,4,TWICE,2018,YOUNG & WILD
214,214,21,0.692,0.645,5,0.0338,0.511,0.0,0.122,0.372,97.049,203860,4,TWICE,2018,AFTER MOON
231,231,30,0.722,0.866,1,0.052,0.0154,0.0,0.11,0.659,137.946,196314,4,TWICE,2018,BDZ - Korean Ver.
257,257,34,0.563,0.806,8,0.05,0.0494,0.0,0.181,0.626,157.962,215337,4,TWICE,2018,STUCK
233,233,48,0.792,0.889,9,0.0706,0.308,1.62e-06,0.0685,0.913,134.995,212867,4,TWICE,2018,SAY YOU LOVE ME
253,253,35,0.673,0.967,5,0.062,0.0817,2.77e-06,0.133,0.826,160.018,207743,4,TWICE,2018,SWEET TALKER
254,254,32,0.765,0.891,6,0.1,0.0898,1e-06,0.018,0.977,160.004,189076,4,TWICE,2018,HO!
255,255,26,0.65,0.787,0,0.0524,0.0135,2.84e-06,0.109,0.526,116.789,196423,4,TWICE,2018,DEJAVU
256,256,31,0.625,0.68,10,0.0784,0.233,0.0,0.226,0.399,160.014,182946,4,TWICE,2018,SAY YES
258,258,69,0.709,0.861,0,0.0941,0.106,4.73e-05,0.113,0.779,118.089,180800,4,TWICE,2018,Dance The Night Away
259,259,50,0.786,0.832,8,0.0592,0.134,1.35e-06,0.0575,0.741,108.977,186293,4,TWICE,2018,CHILLAX
252,252,59,0.573,0.91,8,0.064,0.0846,0.0,0.266,0.602,169.982,208238,4,TWICE,2018,What is Love?
260,260,45,0.669,0.847,7,0.0413,0.0775,0.0,0.594,0.263,142.965,205053,4,TWICE,2018,Shot Thru The Heart
262,262,45,0.677,0.97,5,0.0653,0.0695,2.07e-06,0.153,0.798,159.995,207747,4,TWICE,2018,SWEET TALKER
263,263,45,0.766,0.895,6,0.0979,0.105,1.53e-06,0.0242,0.974,160.009,189080,4,TWICE,2018,HO!
264,264,42,0.637,0.793,0,0.0649,0.0129,1.29e-06,0.0895,0.509,116.782,196413,4,TWICE,2018,DEJAVU
265,265,46,0.634,0.673,10,0.0785,0.238,0.0,0.226,0.366,80.009,182947,4,TWICE,2018,SAY YES
266,266,47,0.564,0.795,8,0.0537,0.0544,0.0,0.142,0.573,157.899,215400,4,TWICE,2018,STUCK
197,197,41,0.715,0.862,10,0.0444,0.0113,0.0,0.108,0.668,137.93,197800,4,TWICE,2018,BDZ
261,261,76,0.574,0.909,8,0.0658,0.0987,0.0,0.264,0.569,169.966,208240,4,TWICE,2018,What is Love
251,251,29,0.671,0.852,7,0.0439,0.0747,0.0,0.524,0.245,142.981,205064,4,TWICE,2018,Shot thru the heart
250,250,36,0.782,0.831,8,0.0624,0.144,0.0,0.0694,0.788,108.966,186285,4,TWICE,2018,CHILLAX
249,249,56,0.711,0.861,0,0.0924,0.106,4.4e-05,0.112,0.78,118.004,180809,4,TWICE,2018,Dance The Night Away
234,234,45,0.694,0.872,9,0.0722,0.296,0.0,0.196,0.834,156.954,186293,4,TWICE,2018,LALALA
235,235,41,0.803,0.621,2,0.105,0.119,0.0,0.31,0.305,104.909,181200,4,TWICE,2018,YOUNG & WILD
236,236,45,0.519,0.91,4,0.204,0.326,0.0,0.573,0.765,170.091,222547,4,TWICE,2018,SUNSET
237,237,45,0.415,0.664,5,0.0689,0.576,0.0,0.123,0.462,193.551,203867,4,TWICE,2018,AFTER MOON
238,238,36,0.731,0.865,10,0.0491,0.0124,0.0,0.105,0.701,137.943,196320,4,TWICE,2018,BDZ
239,239,59,0.715,0.862,10,0.0444,0.0113,0.0,0.108,0.668,137.93,197800,4,TWICE,2018,BDZ
240,240,49,0.74,0.928,7,0.0633,0.00288,0.0,0.319,0.671,129.955,183001,4,TWICE,2018,One More Time
241,241,56,0.599,0.943,0,0.0894,0.177,2.6e-05,0.141,0.84,174.059,202010,4,TWICE,2018,Candy Pop
242,242,44,0.806,0.858,8,0.0715,0.053,0.0,0.109,0.871,125.005,203040,4,TWICE,2018,L.O.V.E
243,243,47,0.516,0.719,6,0.0458,0.16,0.0,0.0541,0.433,205.786,272493,4,TWICE,2018,Wishing
244,244,41,0.751,0.838,7,0.137,0.279,0.0,0.0673,0.579,129.985,203587,4,TWICE,2018,Say it again
245,245,49,0.656,0.994,6,0.0807,0.209,0.0,0.318,0.795,125.979,211800,4,TWICE,2018,Wake Me Up
246,246,43,0.674,0.965,7,0.0696,0.016,9.59e-05,0.145,0.75,157.041,213956,4,TWICE,2018,BRAND NEW GIRL
247,247,50,0.613,0.558,8,0.0361,0.465,0.0,0.0975,0.358,142.003,231120,4,TWICE,2018,Be as ONE
248,248,52,0.713,0.848,10,0.0338,0.0148,0.0,0.0808,0.787,106.093,203816,4,TWICE,2018,I WANT YOU BACK
232,232,69,0.702,0.913,11,0.0374,0.0514,3.72e-06,0.166,0.735,137.981,237680,4,TWICE,2018,YES or YES
196,196,48,0.706,0.895,4,0.0502,0.0669,0.0,0.237,0.562,123.043,237490,4,TWICE,2018,STAY BY MY SIDE
222,222,33,0.524,0.907,4,0.212,0.325,0.0,0.56,0.783,170.046,222560,4,TWICE,2018,SUNSET
187,187,33,0.654,0.725,11,0.03,0.114,0.0,0.376,0.588,89.986,228917,3,TWICE,2019,21:29
175,175,31,0.832,0.904,7,0.0729,0.261,0.00029,0.0932,0.81,120.04,222093,4,TWICE,2019,Changing!
174,174,31,0.868,0.728,6,0.11,0.0439,0.0,0.0975,0.616,112.006,217651,4,TWICE,2019,Breakthrough
173,173,28,0.832,0.9,9,0.0647,0.0217,0.000138,0.315,0.962,127.041,194973,4,TWICE,2019,Stronger
172,172,43,0.678,0.808,5,0.0599,0.0569,0.0,0.288,0.765,125.938,219625,4,TWICE,2019,Fake & True
171,171,45,0.657,0.643,9,0.0279,0.116,0.0,0.336,0.536,80.01,226173,4,TWICE,2019,The Reason Why
170,170,37,0.677,0.745,7,0.0463,0.0237,0.0067,0.0541,0.43,83.482,209467,4,TWICE,2019,How u doin'
176,176,32,0.609,0.932,10,0.145,0.173,0.000946,0.396,0.755,179.995,206974,4,TWICE,2019,HAPPY HAPPY
169,169,40,0.642,0.874,7,0.206,0.114,0.00031,0.0397,0.888,204.112,181693,4,TWICE,2019,POLISH
167,167,41,0.754,0.91,10,0.0735,0.024,2.53e-06,0.302,0.695,119.972,201600,4,TWICE,2019,What You Waiting For
166,166,41,0.609,0.932,10,0.145,0.173,0.000946,0.396,0.755,179.995,206974,4,TWICE,2019,HAPPY HAPPY
165,165,41,0.832,0.904,7,0.0729,0.261,0.00029,0.0932,0.81,120.04,222093,4,TWICE,2019,Changing!
164,164,55,0.868,0.728,6,0.11,0.0439,0.0,0.0975,0.616,112.006,217651,4,TWICE,2019,Breakthrough
162,162,50,0.678,0.808,5,0.0599,0.0569,0.0,0.288,0.765,125.938,219625,4,TWICE,2019,Fake & True
186,186,48,0.72,0.836,2,0.1,0.11,2.74e-06,0.0575,0.623,114.961,191228,4,TWICE,2019,LOVE FOOLISH
168,168,37,0.854,0.714,0,0.149,0.0305,0.0,0.0413,0.634,115.017,188840,4,TWICE,2019,Be OK
177,177,27,0.754,0.91,10,0.0735,0.024,2.53e-06,0.302,0.695,119.972,201600,4,TWICE,2019,What You Waiting For
163,163,39,0.832,0.9,9,0.0647,0.0217,0.000138,0.315,0.962,127.041,194973,4,TWICE,2019,Stronger
179,179,33,0.642,0.874,7,0.206,0.114,0.00031,0.0397,0.888,204.112,181693,4,TWICE,2019,POLISH
178,178,27,0.854,0.714,0,0.149,0.0305,0.0,0.0413,0.634,115.017,188840,4,TWICE,2019,Be OK
188,188,31,0.866,0.722,6,0.127,0.0486,0.0,0.0926,0.68,112.006,217651,4,TWICE,2019,BREAKTHROUGH - Korean Ver.
190,190,49,0.771,0.849,0,0.129,0.0236,5.49e-06,0.144,0.761,133.994,177080,4,TWICE,2019,RAINBOW
191,191,54,0.729,0.953,11,0.0774,0.0464,0.00162,0.338,0.847,120.004,186973,4,TWICE,2019,GET LOUD
192,192,50,0.752,0.896,0,0.0742,0.0867,6.75e-06,0.135,0.659,127.983,194000,4,TWICE,2019,TRICK IT
193,193,58,0.721,0.84,2,0.0971,0.118,4.3e-06,0.0576,0.577,114.965,191227,4,TWICE,2019,LOVE FOOLISH
194,194,50,0.531,0.727,11,0.0427,0.126,0.0,0.429,0.616,179.986,228907,3,TWICE,2019,21:29
189,189,72,0.708,0.959,1,0.0604,0.0296,0.00188,0.107,0.644,128.981,206867,4,TWICE,2019,Feel Special
185,185,37,0.756,0.897,0,0.078,0.0895,1.68e-05,0.14,0.619,128.038,193996,4,TWICE,2019,TRICK IT
184,184,40,0.727,0.956,11,0.0725,0.046,0.00128,0.338,0.851,119.999,186970,4,TWICE,2019,GET LOUD
183,183,38,0.776,0.844,0,0.167,0.0203,1.25e-06,0.14,0.716,133.987,177086,4,TWICE,2019,RAINBOW
182,182,60,0.709,0.959,1,0.0603,0.0296,0.00188,0.107,0.644,128.983,206868,4,TWICE,2019,Feel Special
181,181,33,0.657,0.643,9,0.0279,0.116,0.0,0.336,0.536,80.01,226173,4,TWICE,2019,The Reason Why
195,195,44,0.865,0.715,6,0.122,0.0434,0.0,0.12,0.676,112.019,217693,4,TWICE,2019,BREAKTHROUGH (Korean Version)
180,180,27,0.677,0.745,7,0.0463,0.0237,0.0067,0.0541,0.43,83.482,209467,4,TWICE,2019,How u doin'
116,116,52,0.78,0.896,11,0.0614,0.0101,0.0,0.091,0.715,124.926,179587,4,TWICE,2020,DO WHAT WE LIKE
117,117,51,0.842,0.638,2,0.0684,0.207,0.0,0.118,0.606,115.051,208133,4,TWICE,2020,BRING IT BACK
118,118,50,0.669,0.84,7,0.0599,0.0294,0.0,0.663,0.483,105.009,196947,4,TWICE,2020,BELIEVER
119,119,55,0.629,0.837,0,0.258,0.139,0.0,0.107,0.423,105.882,193573,4,TWICE,2020,QUEEN
120,120,55,0.791,0.852,6,0.0449,0.296,1.56e-05,0.0999,0.509,100.062,181520,4,TWICE,2020,GO HARD
123,123,51,0.676,0.597,5,0.0387,0.0953,0.0,0.455,0.522,100.156,198867,4,TWICE,2020,DEPEND ON YOU
122,122,52,0.509,0.574,5,0.262,0.533,0.0,0.0898,0.69,85.96,171053,4,TWICE,2020,HANDLE IT
124,124,55,0.713,0.841,8,0.0622,0.0859,0.0,0.0646,0.723,105.963,247360,4,TWICE,2020,SAY SOMETHING
125,125,50,0.362,0.813,5,0.113,0.0689,0.0,0.195,0.346,86.468,218533,1,TWICE,2020,BEHIND THE MASK
126,126,54,0.739,0.841,5,0.06,0.0312,0.0,0.173,0.562,106.99,199653,4,TWICE,2020,MORE & MORE
115,115,62,0.709,0.88,2,0.0585,0.0298,4.46e-06,0.103,0.713,119.948,214240,4,TWICE,2020,UP NO MORE
121,121,53,0.79,0.927,1,0.141,0.108,0.0,0.357,0.553,97.995,209480,4,TWICE,2020,SHOT CLOCK
114,114,57,0.8,0.81,4,0.0604,0.182,1.06e-06,0.107,0.694,105.042,179320,4,TWICE,2020,HELL IN HEAVEN
107,107,36,0.791,0.852,6,0.0449,0.296,1.56e-05,0.0999,0.509,100.062,181520,4,TWICE,2020,GO HARD
112,112,34,0.362,0.813,5,0.113,0.0689,0.0,0.195,0.346,86.468,218533,1,TWICE,2020,BEHIND THE MASK
111,111,35,0.713,0.841,8,0.0622,0.0859,0.0,0.0646,0.723,105.963,247360,4,TWICE,2020,SAY SOMETHING
110,110,36,0.676,0.597,5,0.0387,0.0953,0.0,0.455,0.522,100.156,198867,4,TWICE,2020,DEPEND ON YOU
109,109,34,0.509,0.574,5,0.262,0.533,0.0,0.0898,0.69,85.96,171053,4,TWICE,2020,HANDLE IT
108,108,36,0.79,0.927,1,0.141,0.108,0.0,0.357,0.553,97.995,209480,4,TWICE,2020,SHOT CLOCK
106,106,41,0.629,0.837,0,0.258,0.139,0.0,0.107,0.423,105.882,193573,4,TWICE,2020,QUEEN
105,105,35,0.669,0.84,7,0.0599,0.0294,0.0,0.663,0.483,105.009,196947,4,TWICE,2020,BELIEVER
104,104,35,0.842,0.638,2,0.0684,0.207,0.0,0.118,0.606,115.051,208133,4,TWICE,2020,BRING IT BACK
103,103,37,0.78,0.896,11,0.0614,0.0101,0.0,0.091,0.715,124.926,179587,4,TWICE,2020,DO WHAT WE LIKE
102,102,43,0.709,0.88,2,0.0585,0.0298,4.46e-06,0.103,0.713,119.948,214240,4,TWICE,2020,UP NO MORE
101,101,37,0.8,0.81,4,0.0604,0.182,1.06e-06,0.107,0.694,105.042,179320,4,TWICE,2020,HELL IN HEAVEN
100,100,60,0.657,0.88,10,0.102,0.121,0.0,0.463,0.769,150.084,205493,4,TWICE,2020,I CAN'T STOP ME
128,128,35,0.7,0.92,10,0.0536,0.115,2.93e-06,0.701,0.685,108.006,193467,4,TWICE,2020,FIREWORK
113,113,76,0.657,0.88,10,0.102,0.121,0.0,0.463,0.769,150.084,205493,4,TWICE,2020,I CAN'T STOP ME
129,129,36,0.818,0.633,7,0.0611,0.00539,0.00174,0.0446,0.814,111.517,186707,4,TWICE,2020,MAKE ME GO
127,127,39,0.775,0.87,0,0.0576,0.0564,2.82e-06,0.273,0.501,129.956,225400,4,TWICE,2020,OXYGEN
131,131,33,0.516,0.902,2,0.175,0.00146,5.31e-05,0.112,0.613,187.873,173347,4,TWICE,2020,DON'T CALL ME AGAIN
130,130,34,0.696,0.751,11,0.161,0.138,0.0,0.282,0.478,110.8,168893,4,TWICE,2020,SHADOW
161,161,24,0.657,0.643,9,0.0279,0.116,0.0,0.336,0.536,80.01,226173,4,TWICE,2020,The Reason Why
160,160,19,0.677,0.745,7,0.0463,0.0237,0.0067,0.0541,0.43,83.482,209467,4,TWICE,2020,How u doin'
158,158,19,0.854,0.714,0,0.149,0.0305,0.0,0.0413,0.634,115.017,188840,4,TWICE,2020,Be OK
157,157,22,0.754,0.91,10,0.0735,0.024,2.53e-06,0.302,0.695,119.972,201600,4,TWICE,2020,What You Waiting For
156,156,25,0.609,0.932,10,0.145,0.173,0.000946,0.396,0.755,179.995,206974,4,TWICE,2020,HAPPY HAPPY
155,155,29,0.832,0.904,7,0.0729,0.261,0.00029,0.0932,0.81,120.038,222093,4,TWICE,2020,Changing!
154,154,26,0.868,0.728,6,0.11,0.0439,0.0,0.0975,0.616,112.006,217651,4,TWICE,2020,Breakthrough
153,153,20,0.832,0.9,9,0.0647,0.0217,0.000138,0.315,0.962,127.041,194973,4,TWICE,2020,Stronger
152,152,27,0.678,0.808,5,0.0599,0.0569,0.0,0.288,0.765,125.938,219625,4,TWICE,2020,Fake & True
151,151,35,0.709,0.741,1,0.0572,0.0216,1.33e-06,0.111,0.702,120.002,202540,4,TWICE,2020,SWING
150,150,35,0.657,0.643,9,0.0279,0.116,0.0,0.336,0.536,80.01,226173,4,TWICE,2020,The Reason Why
149,149,31,0.677,0.745,7,0.0463,0.0237,0.0067,0.0541,0.43,83.482,209467,4,TWICE,2020,How u doin'
148,148,33,0.642,0.874,7,0.206,0.114,0.00031,0.0397,0.888,204.112,181693,4,TWICE,2020,POLISH
147,147,32,0.854,0.714,0,0.149,0.0305,0.0,0.0413,0.634,115.017,188840,4,TWICE,2020,Be OK
159,159,25,0.642,0.874,7,0.206,0.114,0.00031,0.0397,0.888,204.112,181693,4,TWICE,2020,POLISH
145,145,34,0.609,0.932,10,0.145,0.173,0.000946,0.396,0.755,179.995,206974,4,TWICE,2020,HAPPY HAPPY
146,146,34,0.754,0.91,10,0.0735,0.024,2.53e-06,0.302,0.695,119.972,201600,4,TWICE,2020,What You Waiting For
132,132,35,0.707,0.95,6,0.0645,0.0187,1.14e-05,0.35,0.589,110.029,191987,4,TWICE,2020,SWEET SUMMER DAY
133,133,67,0.739,0.841,5,0.06,0.0312,0.0,0.173,0.562,106.99,199653,4,TWICE,2020,MORE & MORE
134,134,51,0.775,0.87,0,0.0576,0.0564,2.82e-06,0.273,0.501,129.956,225400,4,TWICE,2020,OXYGEN
136,136,51,0.818,0.633,7,0.0611,0.00539,0.00174,0.0446,0.814,111.517,186707,4,TWICE,2020,MAKE ME GO
137,137,49,0.696,0.751,11,0.161,0.138,0.0,0.282,0.478,110.8,168893,4,TWICE,2020,SHADOW
135,135,49,0.7,0.92,10,0.0536,0.115,2.93e-06,0.701,0.685,108.006,193467,4,TWICE,2020,FIREWORK
139,139,48,0.707,0.95,6,0.0645,0.0187,1.14e-05,0.35,0.589,110.029,191987,4,TWICE,2020,SWEET SUMMER DAY
140,140,42,0.709,0.741,1,0.0572,0.0216,1.33e-06,0.111,0.702,120.002,202540,4,TWICE,2020,SWING
141,141,39,0.678,0.808,5,0.0599,0.0569,0.0,0.288,0.765,125.938,219625,4,TWICE,2020,Fake & True
142,142,33,0.832,0.9,9,0.0647,0.0217,0.000138,0.315,0.962,127.041,194973,4,TWICE,2020,Stronger
143,143,39,0.868,0.728,6,0.11,0.0439,0.0,0.0975,0.616,112.006,217651,4,TWICE,2020,Breakthrough
144,144,34,0.832,0.904,7,0.0729,0.261,0.00029,0.0932,0.81,120.038,222093,4,TWICE,2020,Changing!
138,138,46,0.516,0.902,2,0.175,0.00146,5.31e-05,0.112,0.613,187.873,173347,4,TWICE,2020,DON’T CALL ME AGAIN
433,433,56,0.808,0.903,9,0.0729,0.0899,0.0,0.0816,0.922,120.044,198053,4,TWICE,2021,The Feels
428,428,33,0.816,0.681,9,0.041,0.000394,0.764,0.062,0.9,119.958,198053,4,TWICE,2021,The Feels (Instrumental)
429,429,25,0.835,0.883,11,0.0697,0.00988,0.000937,0.634,0.948,126.99,249709,4,TWICE,2021,The Feels (Benny Benassi Remix Extended)
430,430,26,0.817,0.628,11,0.0481,0.00259,0.825,0.0785,0.67,118.006,202922,4,TWICE,2021,The Feels (The Stereotypes Remix – Instrumental)
431,431,27,0.781,0.83,11,0.0383,0.000238,0.826,0.102,0.176,123.991,135000,4,TWICE,2021,The Feels (YVES V Remix – Instrumental)
432,432,22,0.76,0.855,11,0.0378,0.0306,0.892,0.0677,0.487,127.013,184041,4,TWICE,2021,The Feels (Benny Benassi Remix – Instrumental)
434,434,30,0.777,0.793,6,0.148,0.0815,0.0,0.0363,0.674,117.996,202922,4,TWICE,2021,The Feels - The Stereotypes Remix
440,440,3,0.777,0.794,6,0.147,0.0832,0.0,0.0349,0.679,117.997,202922,4,TWICE,2021,The Feels (The Stereotypes Remix)
436,436,13,0.816,0.681,9,0.041,0.000394,0.764,0.062,0.9,119.958,198053,4,TWICE,2021,The Feels - Instrumental
437,437,10,0.818,0.628,11,0.048,0.00265,0.814,0.0782,0.673,118.004,202922,4,TWICE,2021,The Feels - The Stereotypes Remix Instrumental
438,438,10,0.781,0.83,11,0.0383,0.000238,0.826,0.102,0.176,123.991,135000,4,TWICE,2021,The Feels - YVES V Remix Instrumental
439,439,22,0.808,0.903,9,0.0729,0.0899,0.0,0.0816,0.922,120.044,198053,4,TWICE,2021,The Feels
427,427,37,0.78,0.828,9,0.0678,0.00771,3.17e-06,0.317,0.553,124.044,135000,4,TWICE,2021,The Feels (YVES V Remix)
441,441,3,0.78,0.828,9,0.0678,0.00771,3.17e-06,0.317,0.553,124.044,135000,4,TWICE,2021,The Feels (YVES V Remix)
442,442,1,0.816,0.681,9,0.041,0.000394,0.764,0.062,0.9,119.958,198053,4,TWICE,2021,The Feels (Instrumental)
435,435,21,0.78,0.828,9,0.068,0.00771,3.17e-06,0.317,0.553,124.057,135000,4,TWICE,2021,The Feels - YVES V Remix
426,426,37,0.777,0.795,6,0.147,0.0828,0.0,0.0353,0.679,117.996,202922,4,TWICE,2021,The Feels (The Stereotypes Remix)
418,418,22,0.78,0.828,9,0.068,0.00771,3.17e-06,0.317,0.553,124.057,135000,4,TWICE,2021,The Feels - YVES V Remix
424,424,40,0.793,0.861,6,0.06,0.0378,0.000117,0.0557,0.607,127.015,185218,4,TWICE,2021,The Feels (Benny Benassi Remix)
406,406,53,0.693,0.586,5,0.0315,0.233,0.0,0.145,0.459,82.039,263680,4,TWICE,2021,Doughnut
407,407,60,0.611,0.578,9,0.0335,0.395,0.0,0.168,0.547,74.944,211213,4,TWICE,2021,Wonderful Day
408,408,37,0.624,0.477,1,0.0302,0.0221,0.803,0.185,0.345,82.024,263680,4,TWICE,2021,Doughnut (Instrumental)
409,409,30,0.568,0.59,9,0.0298,0.198,0.8,0.17,0.436,74.996,212840,4,TWICE,2021,Wonderful Day (Instrumental)
411,411,19,0.611,0.578,9,0.0335,0.395,0.0,0.168,0.547,74.944,211213,4,TWICE,2021,Wonderful Day
412,412,2,0.624,0.477,1,0.0302,0.0221,0.803,0.185,0.345,82.024,263680,4,TWICE,2021,Doughnut (Instrumental)
413,413,2,0.568,0.59,9,0.0298,0.198,0.8,0.17,0.436,74.996,212840,4,TWICE,2021,Wonderful Day (Instrumental)
425,425,63,0.808,0.903,9,0.0729,0.0899,0.0,0.0816,0.922,120.044,198053,4,TWICE,2021,The Feels
414,414,70,0.693,0.586,5,0.0315,0.233,0.0,0.145,0.459,82.039,263680,4,TWICE,2021,Doughnut
416,416,29,0.808,0.903,9,0.0729,0.0899,0.0,0.0816,0.922,120.044,198053,4,TWICE,2021,The Feels
417,417,25,0.777,0.793,6,0.148,0.0815,0.0,0.0363,0.674,117.996,202922,4,TWICE,2021,The Feels - The Stereotypes Remix
419,419,16,0.816,0.681,9,0.041,0.000394,0.764,0.062,0.9,119.958,198053,4,TWICE,2021,The Feels - Instrumental
420,420,12,0.834,0.885,11,0.0692,0.00993,0.000958,0.634,0.947,126.987,249710,4,TWICE,2021,The Feels - Benny Benassi Remix Extended
421,421,10,0.818,0.628,11,0.048,0.00265,0.814,0.0782,0.673,118.004,202922,4,TWICE,2021,The Feels - The Stereotypes Remix Instrumental
422,422,10,0.781,0.83,11,0.0383,0.000238,0.826,0.102,0.176,123.991,135000,4,TWICE,2021,The Feels - YVES V Remix Instrumental
423,423,7,0.758,0.855,11,0.0382,0.0314,0.89,0.0616,0.487,126.989,185218,4,TWICE,2021,The Feels - Benny Benassi Remix Instrumental
415,415,27,0.796,0.86,6,0.0623,0.0374,0.000107,0.0557,0.603,127.023,185218,4,TWICE,2021,The Feels - Benny Benassi Remix
410,410,12,0.693,0.586,5,0.0315,0.233,0.0,0.145,0.459,82.039,263680,4,TWICE,2021,Doughnut
444,444,1,0.781,0.83,11,0.0383,0.000238,0.826,0.102,0.176,123.991,135000,4,TWICE,2021,The Feels (YVES V Remix Instrumental)
99,99,9,0.581,0.42,6,0.03,0.818,0.0,0.116,0.317,135.786,259693,4,TWICE,2021,PROMISE
62,62,77,0.808,0.903,9,0.0729,0.0899,0.0,0.0816,0.922,120.044,198053,4,TWICE,2021,The Feels
61,61,57,0.853,0.734,8,0.0363,0.212,0.0,0.0671,0.78,116.03,195053,4,TWICE,2021,CANDY
60,60,58,0.656,0.875,0,0.0463,0.0799,0.0,0.222,0.708,88.938,198453,4,TWICE,2021,"1, 3, 2 (JEONGYEON, MINA, TZUYU)"
59,59,62,0.813,0.638,0,0.122,0.0363,0.0,0.057,0.544,169.968,183213,4,TWICE,2021,"HELLO (NAYEON, MOMO, CHAEYOUNG)"
58,58,58,0.739,0.907,11,0.156,0.389,1.33e-06,0.0658,0.778,120.069,205467,4,TWICE,2021,"PUSH & PULL (JIHYO, SANA, DAHYUN)"
57,57,56,0.511,0.615,11,0.0307,0.122,0.0,0.154,0.223,169.835,217213,4,TWICE,2021,CACTUS
56,56,65,0.665,0.732,5,0.173,0.768,0.0,0.378,0.436,82.026,180613,4,TWICE,2021,REWIND
55,55,59,0.656,0.851,7,0.215,0.065,0.0,0.141,0.752,93.208,187800,4,TWICE,2021,ESPRESSO
54,54,62,0.799,0.772,7,0.105,0.213,0.0,0.0892,0.61,141.968,170560,4,TWICE,2021,LAST WALTZ
53,53,58,0.756,0.889,11,0.0945,0.0921,0.0,0.196,0.653,117.971,191253,4,TWICE,2021,F.I.L.A (Fall In Love Again)
52,52,55,0.858,0.831,9,0.12,0.0977,0.0,0.0453,0.886,119.975,187933,4,TWICE,2021,REAL YOU
51,51,59,0.84,0.827,9,0.061,0.0112,0.0,0.151,0.82,124.989,211427,4,TWICE,2021,CRUEL
50,50,62,0.746,0.809,6,0.0484,0.0338,0.0,0.0756,0.816,149.984,176160,4,TWICE,2021,ICON
49,49,64,0.807,0.704,5,0.071,0.0245,0.0,0.0535,0.961,115.995,219387,4,TWICE,2021,MOONLIGHT
48,48,71,0.786,0.858,11,0.0675,0.0487,0.0,0.126,0.649,112.999,194600,4,TWICE,2021,SCIENTIST
47,47,41,0.753,0.956,11,0.119,0.057,0.000187,0.152,0.556,123.025,208780,4,TWICE,2021,SCIENTIST - R3HAB Remix
46,46,62,0.808,0.903,9,0.0729,0.0899,0.0,0.0816,0.922,120.044,198053,4,TWICE,2021,The Feels
32,32,58,0.786,0.858,11,0.0675,0.0487,0.0,0.126,0.649,112.999,194600,4,TWICE,2021,SCIENTIST
33,33,45,0.807,0.704,5,0.071,0.0245,0.0,0.0535,0.961,115.995,219387,4,TWICE,2021,MOONLIGHT
34,34,44,0.746,0.809,6,0.0484,0.0338,0.0,0.0756,0.816,149.984,176160,4,TWICE,2021,ICON
35,35,42,0.84,0.827,9,0.061,0.0112,0.0,0.151,0.82,124.989,211427,4,TWICE,2021,CRUEL
36,36,43,0.858,0.831,9,0.12,0.0977,0.0,0.0453,0.886,119.975,187933,4,TWICE,2021,REAL YOU
37,37,41,0.756,0.889,11,0.0945,0.0921,0.0,0.196,0.653,117.971,191253,4,TWICE,2021,F.I.L.A (Fall In Love Again)
63,63,50,0.755,0.955,11,0.121,0.0576,0.0001,0.186,0.622,123.02,208780,4,TWICE,2021,SCIENTIST (R3HAB Remix)
443,443,0,0.819,0.626,11,0.0465,0.00269,0.827,0.0784,0.684,118.009,202922,4,TWICE,2021,The Feels (The Stereotypes Remix Instrumental)
40,40,46,0.665,0.732,5,0.173,0.768,0.0,0.378,0.436,82.026,180613,4,TWICE,2021,REWIND
41,41,42,0.511,0.615,11,0.0307,0.122,0.0,0.154,0.223,169.835,217213,4,TWICE,2021,CACTUS
42,42,43,0.739,0.907,11,0.156,0.389,1.33e-06,0.0658,0.778,120.069,205467,4,TWICE,2021,"PUSH & PULL (JIHYO, SANA, DAHYUN)"
43,43,45,0.813,0.638,0,0.122,0.0363,0.0,0.057,0.544,169.968,183213,4,TWICE,2021,"HELLO (NAYEON, MOMO, CHAEYOUNG)"
44,44,43,0.656,0.875,0,0.0463,0.0799,0.0,0.222,0.708,88.938,198453,4,TWICE,2021,"1, 3, 2 (JEONGYEON, MINA, TZUYU)"
45,45,43,0.853,0.734,8,0.0363,0.212,0.0,0.0671,0.78,116.03,195053,4,TWICE,2021,CANDY
39,39,43,0.656,0.851,7,0.215,0.065,0.0,0.141,0.752,93.208,187800,4,TWICE,2021,ESPRESSO
64,64,34,0.786,0.858,11,0.0675,0.0487,0.0,0.126,0.649,112.999,194600,4,TWICE,2021,SCIENTIST
38,38,43,0.799,0.772,7,0.105,0.213,0.0,0.0892,0.61,141.968,170560,4,TWICE,2021,LAST WALTZ
66,66,16,0.746,0.809,6,0.0484,0.0338,0.0,0.0756,0.816,149.984,176160,4,TWICE,2021,ICON
85,85,52,0.806,0.85,6,0.13,0.076,0.0,0.144,0.772,114.994,227653,4,TWICE,2021,Four-leaf Clover
65,65,19,0.807,0.704,5,0.071,0.0245,0.0,0.0535,0.961,115.995,219387,4,TWICE,2021,MOONLIGHT
87,87,52,0.763,0.767,9,0.0384,0.236,0.0,0.34,0.727,103.01,241747,4,TWICE,2021,PIECES OF LOVE
88,88,51,0.568,0.553,7,0.045,0.181,0.0,0.0638,0.502,102.022,197353,3,TWICE,2021,"Thank you, Family"
89,89,52,0.581,0.42,6,0.03,0.818,0.0,0.116,0.317,135.786,259693,4,TWICE,2021,PROMISE
90,90,19,0.678,0.881,8,0.0604,0.0479,0.0,0.325,0.61,134.966,184973,4,TWICE,2021,Perfect World
84,84,58,0.734,0.714,7,0.0986,0.166,0.0,0.0648,0.761,130.999,227747,4,TWICE,2021,Kura Kura
91,91,14,0.767,0.707,6,0.0437,0.00105,0.000444,0.29,0.582,124.982,222067,4,TWICE,2021,BETTER
98,98,9,0.568,0.553,7,0.045,0.181,0.0,0.0638,0.502,102.022,197353,3,TWICE,2021,"Thank you, Family"
97,97,9,0.763,0.767,9,0.0384,0.236,0.0,0.34,0.727,103.01,241747,4,TWICE,2021,PIECES OF LOVE
96,96,11,0.792,0.846,1,0.144,0.0402,0.0,0.327,0.55,113.009,210953,4,TWICE,2021,In the summer
95,95,9,0.806,0.85,6,0.13,0.076,0.0,0.144,0.772,114.994,227653,4,TWICE,2021,Four-leaf Clover
94,94,12,0.736,0.715,7,0.106,0.167,0.0,0.0628,0.763,131.012,227493,4,TWICE,2021,Kura Kura
93,93,12,0.675,0.954,6,0.12,0.0238,5.32e-06,0.0767,0.801,114.993,220033,4,TWICE,2021,Fanfare
92,92,9,0.745,0.684,6,0.0568,0.0513,0.0,0.117,0.37,91.021,231233,4,TWICE,2021,Good at Love
83,83,55,0.669,0.956,6,0.126,0.0302,9.78e-06,0.0764,0.81,114.922,220240,4,TWICE,2021,Fanfare
86,86,50,0.792,0.846,1,0.144,0.0402,0.0,0.327,0.55,113.009,210953,4,TWICE,2021,In the summer
81,81,58,0.768,0.698,6,0.046,0.00123,0.00031,0.353,0.584,124.99,223667,4,TWICE,2021,BETTER
67,67,14,0.84,0.827,9,0.061,0.0112,0.0,0.151,0.82,124.989,211427,4,TWICE,2021,CRUEL
68,68,13,0.858,0.831,9,0.12,0.0977,0.0,0.0453,0.886,119.975,187933,4,TWICE,2021,REAL YOU
69,69,13,0.756,0.889,11,0.0945,0.0921,0.0,0.196,0.653,117.971,191253,4,TWICE,2021,F.I.L.A (Fall In Love Again)
70,70,17,0.799,0.772,7,0.105,0.213,0.0,0.0892,0.61,141.968,170560,4,TWICE,2021,LAST WALTZ
71,71,14,0.656,0.851,7,0.215,0.065,0.0,0.141,0.752,93.208,187800,4,TWICE,2021,ESPRESSO
82,82,54,0.745,0.684,6,0.0568,0.0513,0.0,0.117,0.37,91.021,231233,4,TWICE,2021,Good at Love
73,73,15,0.511,0.615,11,0.0307,0.122,0.0,0.154,0.223,169.835,217213,4,TWICE,2021,선인장 (CACTUS)
72,72,16,0.665,0.732,5,0.173,0.768,0.0,0.378,0.436,82.026,180613,4,TWICE,2021,알고 싶지 않아 (REWIND)
75,75,15,0.813,0.638,0,0.122,0.0363,0.0,0.057,0.544,169.968,183213,4,TWICE,2021,"HELLO (NAYEON, MOMO, CHAEYOUNG)"
76,76,16,0.656,0.875,0,0.0463,0.0799,0.0,0.222,0.708,88.938,198453,4,TWICE,2021,"1, 3, 2 (JEONGYEON, MINA, TZUYU)"
77,77,16,0.853,0.734,8,0.0363,0.212,0.0,0.0671,0.78,116.03,195053,4,TWICE,2021,CANDY
78,78,35,0.808,0.903,9,0.0729,0.0899,0.0,0.0816,0.922,120.044,198053,4,TWICE,2021,The Feels
79,79,11,0.753,0.956,11,0.119,0.057,0.000187,0.152,0.556,123.024,208780,4,TWICE,2021,SCIENTIST (R3HAB Remix)
80,80,66,0.684,0.877,3,0.0611,0.0477,0.0,0.344,0.599,134.98,182680,4,TWICE,2021,Perfect World
74,74,15,0.739,0.907,11,0.156,0.389,1.33e-06,0.0658,0.778,120.069,205467,4,TWICE,2021,"PUSH & PULL (JIHYO, SANA, DAHYUN)"
24,24,11,0.722,0.871,8,0.118,0.148,0.0,0.0387,0.756,103.999,183989,4,TWICE,2022,Voices of Delight
23,23,25,0.776,0.89,7,0.0573,0.0628,0.0,0.0634,0.864,111.998,188433,4,TWICE,2022,Celebrate
22,22,63,0.693,0.586,5,0.0315,0.233,0.0,0.145,0.459,82.039,263680,4,TWICE,2022,Doughnut
21,21,48,0.609,0.762,9,0.0785,0.0472,0.0,0.407,0.346,105.039,200213,4,TWICE,2022,Just be yourself
20,20,49,0.816,0.803,6,0.0577,0.179,0.0,0.0522,0.883,100.034,192167,4,TWICE,2022,Sandcastle
19,19,49,0.602,0.761,4,0.0869,0.21,0.0,0.116,0.684,168.041,210867,4,TWICE,2022,Bitter Sweet
18,18,50,0.741,0.748,10,0.0547,0.0945,1.05e-05,0.334,0.764,104.04,182033,4,TWICE,2022,That's all I'm saying
17,17,48,0.754,0.802,4,0.0772,0.303,0.0,0.0734,0.844,109.981,213340,4,TWICE,2022,Flow like waves
3,3,47,0.758,0.895,1,0.109,0.0493,0.0,0.0539,0.551,122.962,215400,4,TWICE,2022,Trouble
15,15,48,0.722,0.871,8,0.118,0.148,0.0,0.0387,0.756,103.999,183989,4,TWICE,2022,Voices of Delight
1,1,53,0.658,0.848,10,0.107,0.0909,0.0,0.0728,0.816,149.932,186947,4,TWICE,2022,Queen of Hearts
2,2,50,0.779,0.795,2,0.215,0.24,0.0,0.126,0.587,138.017,176973,4,TWICE,2022,Basics
25,25,11,0.737,0.789,1,0.073,0.11,0.0,0.303,0.607,114.968,183340,4,TWICE,2022,TICK TOCK
4,4,47,0.639,0.887,7,0.0482,0.0756,0.0,0.218,0.661,131.97,189200,4,TWICE,2022,Brave
5,5,45,0.712,0.808,5,0.0814,0.317,0.0,0.0574,0.819,159.887,195000,4,TWICE,2022,Gone
6,6,46,0.683,0.651,5,0.0786,0.352,0.0,0.114,0.534,136.944,189347,4,TWICE,2022,When We Were Kids
16,16,49,0.737,0.789,1,0.073,0.11,0.0,0.303,0.607,114.968,183340,4,TWICE,2022,TICK TOCK
7,7,83,0.772,0.907,3,0.124,0.136,0.0,0.334,0.783,119.973,177467,4,TWICE,2022,Talk that Talk
9,9,69,0.778,0.8,2,0.227,0.254,0.0,0.139,0.585,137.997,176973,4,TWICE,2022,Basics
10,10,61,0.757,0.875,1,0.126,0.0528,0.0,0.0427,0.571,122.946,215400,4,TWICE,2022,Trouble
11,11,62,0.639,0.884,7,0.0483,0.0778,0.0,0.178,0.663,131.963,189200,4,TWICE,2022,Brave
12,12,61,0.716,0.799,5,0.0755,0.327,0.0,0.0576,0.836,159.886,195000,4,TWICE,2022,Gone
13,13,60,0.681,0.659,5,0.0813,0.34,0.0,0.109,0.537,136.968,189347,4,TWICE,2022,When We Were Kids
14,14,64,0.776,0.89,7,0.0573,0.0628,0.0,0.0634,0.864,111.998,188433,4,TWICE,2022,Celebrate
8,8,67,0.666,0.847,10,0.106,0.102,0.0,0.0702,0.815,149.94,186947,4,TWICE,2022,Queen of Hearts
26,26,11,0.754,0.802,4,0.0772,0.303,0.0,0.0734,0.844,109.981,213340,4,TWICE,2022,Flow like waves
400,400,1,0.78,0.828,9,0.0678,0.00771,3.17e-06,0.317,0.553,124.044,135000,4,TWICE,2022,The Feels (YVES V Remix)
28,28,10,0.602,0.761,4,0.0869,0.21,0.0,0.116,0.684,168.041,210867,4,TWICE,2022,Bitter Sweet
383,383,47,0.773,0.907,3,0.125,0.138,0.0,0.332,0.779,119.975,177467,4,TWICE,2022,Talk that Talk
384,384,27,0.665,0.845,10,0.108,0.106,0.0,0.0722,0.814,149.942,186947,4,TWICE,2022,Queen of Hearts
385,385,27,0.782,0.798,2,0.218,0.251,0.0,0.15,0.585,138.005,176973,4,TWICE,2022,Basics
386,386,23,0.756,0.875,1,0.127,0.0516,0.0,0.0439,0.57,122.932,215400,4,TWICE,2022,Trouble
387,387,24,0.637,0.882,7,0.0478,0.078,0.0,0.166,0.64,131.959,189200,4,TWICE,2022,Brave
388,388,23,0.714,0.8,5,0.0741,0.329,0.0,0.0555,0.833,159.873,195000,4,TWICE,2022,Gone
389,389,23,0.681,0.658,5,0.0811,0.346,0.0,0.109,0.551,136.958,189347,4,TWICE,2022,When We Were Kids
390,390,66,0.776,0.89,7,0.0573,0.0628,0.0,0.0634,0.864,111.998,188433,4,TWICE,2022,Celebrate
391,391,56,0.609,0.762,9,0.0785,0.0472,0.0,0.407,0.346,105.039,200213,4,TWICE,2022,Just be yourself
392,392,54,0.652,0.855,10,0.0754,0.0989,0.0,0.513,0.782,150.018,209400,4,TWICE,2022,I CAN'T STOP ME - Japanese ver.
393,393,53,0.709,0.77,10,0.0411,0.0482,0.0,0.155,0.469,144.8,207280,4,TWICE,2022,CRY FOR ME - Japanese ver.
394,394,52,0.683,0.925,8,0.0553,0.0336,1.59e-05,0.11,0.669,96.987,213547,4,TWICE,2022,Alcohol-Free - Japanese ver.
395,395,51,0.791,0.866,11,0.0597,0.0459,0.0,0.137,0.672,112.975,196707,4,TWICE,2022,SCIENTIST - Japanese ver.
396,396,45,0.791,0.866,11,0.0597,0.0459,0.0,0.137,0.672,112.975,196707,4,TWICE,2022,SCIENTIST - Japanese ver.
397,397,10,0.795,0.86,6,0.0624,0.0371,0.000122,0.0554,0.606,127.03,185218,4,TWICE,2022,The Feels (Benny Benassi Remix)
398,398,14,0.808,0.903,9,0.0729,0.0899,0.0,0.0816,0.922,120.044,198053,4,TWICE,2022,The Feels
399,399,1,0.777,0.794,6,0.147,0.0832,0.0,0.0349,0.679,117.997,202922,4,TWICE,2022,The Feels (The Stereotypes Remix)
401,401,1,0.816,0.681,9,0.041,0.000394,0.764,0.062,0.9,119.958,198053,4,TWICE,2022,The Feels (Instrumental)
402,402,1,0.835,0.884,11,0.0693,0.01,0.000913,0.635,0.95,126.985,249709,4,TWICE,2022,The Feels (Benny Benassi Remix Extended)
403,403,1,0.819,0.626,11,0.0465,0.00269,0.827,0.0784,0.684,118.009,202922,4,TWICE,2022,The Feels (The Stereotypes Remix Instrumental)
404,404,1,0.781,0.83,11,0.0383,0.000238,0.826,0.102,0.176,123.991,135000,4,TWICE,2022,The Feels (YVES V Remix Instrumental)
405,405,1,0.76,0.856,11,0.0379,0.0309,0.891,0.0677,0.49,127.011,184041,4,TWICE,2022,The Feels (Benny Benassi Remix Instrumental)
31,31,20,0.688,0.583,5,0.033,0.206,0.0,0.147,0.456,82.004,266450,4,TWICE,2022,Doughnut
30,30,17,0.618,0.756,9,0.0693,0.0485,0.0,0.0887,0.36,105.01,202414,4,TWICE,2022,Just be yourself
29,29,11,0.816,0.803,6,0.0577,0.179,0.0,0.0522,0.883,100.034,192167,4,TWICE,2022,Sandcastle
27,27,11,0.741,0.748,10,0.0547,0.0945,1.05e-05,0.334,0.764,104.04,182033,4,TWICE,2022,That's all I'm saying
0,0,71,0.774,0.905,3,0.122,0.143,0.0,0.332,0.768,119.964,177467,4,TWICE,2022,Talk that Talk
